MTS,Open,Close,High,Low,Volume
2018-01-09 01:00:00,0.55,0.5499,0.55,0.5499,9881.08773327
2018-01-09 07:00:00,0.5499,0.546,0.7496,0.444,4037820.93739368
2018-01-09 13:00:00,0.54589,0.5022,0.5699,0.46,2844026.74781249
2018-01-09 19:00:00,0.499,0.5149,0.535,0.4568,1895262.77250849
2018-01-10 01:00:00,0.50918,0.5395,0.5449,0.5,893411.27657319
2018-01-10 07:00:00,0.56125,0.601745,0.76395,0.5015050000000001,3570331.85379934
2018-01-10 19:00:00,0.62954,0.603,0.65,0.556,2770121.7924804003
2018-01-11 01:00:00,0.6125,0.5660000000000001,0.6125,0.531,1434941.98990169
2018-01-11 07:00:00,0.56814,0.5001,0.62464,0.4591,2395505.01882834
2018-01-11 13:00:00,0.50154,0.5159,0.5507,0.4801,790098.41119873
2018-01-11 19:00:00,0.5159,0.52332,0.5488,0.50812,757952.54973256
2018-01-12 01:00:00,0.5378,0.49,0.598,0.46091,812982.92623463
2018-01-12 07:00:00,0.49,0.5144,0.5406,0.4727,255820.58099018
2018-01-12 13:00:00,0.51184,0.52968,0.5346,0.48982,353244.99430813
2018-01-12 19:00:00,0.5297,0.5380199999999999,0.56,0.5145,606200.10658838
2018-01-13 01:00:00,0.54071,0.5466,0.5489,0.5116,361892.00552959
2018-01-13 07:00:00,0.5434100000000001,0.5856399999999999,0.5988,0.5363,456163.5568944
2018-01-13 13:00:00,0.5856399999999999,0.5853,0.61,0.5654899999999999,629190.66752936
2018-01-13 19:00:00,0.5853,0.60858,0.6265,0.5656,573141.98030026
2018-01-14 01:00:00,0.60002,0.6146,0.64463,0.5977,646366.23319348
2018-01-14 07:00:00,0.6145,0.58,0.6319,0.5654899999999999,423426.05898499
2018-01-14 13:00:00,0.5799,0.595,0.6048600000000001,0.55,672415.41934733
2018-01-14 19:00:00,0.5973,0.565,0.6035,0.5201,347730.6667893
2018-01-15 01:00:00,0.5683699999999999,0.5645,0.57407,0.55993,128820.98917416
2018-01-15 07:00:00,0.5645899999999999,0.59997,0.59997,0.5545,101919.46707402
2018-01-15 13:00:00,0.59997,0.5861,0.6198,0.57,552267.32519033
2018-01-15 19:00:00,0.586,0.57121,0.5983,0.5657,194802.56877445
2018-01-16 01:00:00,0.57171,0.5353399999999999,0.58,0.5171,413947.94167573
2018-01-16 07:00:00,0.5353399999999999,0.4781,0.5483,0.46011,412292.99445342
2018-01-16 13:00:00,0.48,0.435,0.4999,0.4147,1488365.91781809
2018-01-16 19:00:00,0.435,0.4047,0.4598,0.4047,294280.11945576
2018-01-17 01:00:00,0.42704,0.4202050000000001,0.4750050000000001,0.37065,498485.21469969995
2018-01-17 13:00:00,0.434,0.36497,0.45115,0.34,303171.76270797
2018-01-17 19:00:00,0.3649,0.36444,0.3996,0.33,663387.29042938
2018-01-18 01:00:00,0.3579,0.4398,0.449,0.35,782799.41804722
2018-01-18 07:00:00,0.4322300000000001,0.43905,0.463575,0.39335,383234.848006275
2018-01-18 19:00:00,0.4567,0.42085,0.4627,0.418,461114.73357137
2018-01-19 01:00:00,0.421,0.4303,0.466,0.4118,463566.63957462
2018-01-19 07:00:00,0.418,0.43459,0.4518,0.405,104613.94324439998
2018-01-19 13:00:00,0.4320000000000001,0.42849,0.4422,0.4125550000000001,328739.30640094
2018-01-20 01:00:00,0.416,0.412,0.41958,0.4031,174349.09119826
2018-01-20 07:00:00,0.412,0.445,0.456,0.40807,165686.01387908
2018-01-20 13:00:00,0.45702,0.4502,0.46341,0.43295,140738.51968592
2018-01-20 19:00:00,0.4502,0.5038699999999999,0.59,0.40823,520889.21762477
2018-01-21 01:00:00,0.49718999999999997,0.4824350000000001,0.53982,0.4775,261121.205359425
2018-01-21 13:00:00,0.475,0.46007,0.5067,0.4405,331079.80730719
2018-01-21 19:00:00,0.46371,0.4281,0.47779,0.4103,204693.51376353
2018-01-22 01:00:00,0.43029,0.4433,0.45579,0.4106,120682.86174678
2018-01-22 07:00:00,0.44337,0.4408,0.473,0.4325,107132.14279788
2018-01-22 13:00:00,0.4408,0.4287,0.4606,0.41761,60588.58330527
2018-01-22 19:00:00,0.428,0.43965,0.4499,0.36924,721407.35925188
2018-01-23 01:00:00,0.4398,0.44559,0.4495,0.4032,134311.71369713
2018-01-23 07:00:00,0.4439,0.4239,0.4655,0.4211,60181.60799040001
2018-01-23 13:00:00,0.4239,0.4,0.44059,0.384,87192.14531219
2018-01-23 19:00:00,0.40128,0.45441,0.48,0.39321,283308.47218625
2018-01-24 01:00:00,0.44137,0.42768999999999996,0.458455,0.4125800000000001,129791.578843965
2018-01-24 13:00:00,0.43162,0.44767,0.4729,0.4316,326422.27986559
2018-01-24 19:00:00,0.4499,0.42803,0.47268,0.42803,329684.5201573
2018-01-25 01:00:00,0.43128,0.45,0.45,0.425,109521.04741638
2018-01-25 07:00:00,0.44602,0.43663,0.4550050000000001,0.43355,79582.79408657001
2018-01-25 13:00:00,0.43447,0.4150100000000001,0.43646,0.41282,82738.29292775
2018-01-25 19:00:00,0.4174600000000001,0.41735,0.44,0.41001,107944.99604421
2018-01-26 07:00:00,0.4194,0.42,0.43003,0.41064,31162.31622704
2018-01-26 13:00:00,0.4198,0.3667,0.42,0.349,245353.10316717
2018-01-26 19:00:00,0.3667,0.38545,0.42,0.3502,258303.09234573
2018-01-27 01:00:00,0.38509,0.3836,0.3852,0.3665,86223.72377008
2018-01-27 07:00:00,0.3836,0.39889,0.4,0.383,107462.13582704
2018-01-27 13:00:00,0.39889,0.37598,0.4,0.3663,164088.44055355
2018-01-27 19:00:00,0.37973,0.39381,0.4172,0.37,303040.16744248
2018-01-28 01:00:00,0.3932,0.37794,0.40399,0.3751,228680.29944912
2018-01-28 07:00:00,0.37794,0.3963,0.411,0.3761,183708.45563669
2018-01-28 13:00:00,0.39331,0.3951,0.421,0.38777,323629.93322569
2018-01-28 19:00:00,0.39518,0.39,0.40622,0.38,301329.50392068
2018-01-29 01:00:00,0.38989,0.38162,0.39126,0.38001,160876.03536120002
2018-01-29 07:00:00,0.3852,0.37037,0.38737,0.3666,116596.13097169
2018-01-29 13:00:00,0.37037,0.37408,0.37776,0.37037,67201.91669036
2018-01-29 19:00:00,0.37595,0.3675,0.3777,0.35384,174250.93712528
2018-01-30 01:00:00,0.36487,0.37471,0.37595,0.3571,209405.08132045
2018-01-30 07:00:00,0.37595,0.36853,0.37595,0.365,49276.37844812
2018-01-30 13:00:00,0.3686,0.36853,0.37037,0.363,130124.04191942
2018-01-30 19:00:00,0.36669,0.303,0.36969,0.2881,972125.8373924
2018-01-31 01:00:00,0.30511,0.2934,0.308,0.28,401058.02061275
2018-01-31 07:00:00,0.301,0.2801,0.301,0.27,161375.34348246
2018-01-31 13:00:00,0.2883,0.2911,0.30159,0.282,156856.12880241
2018-01-31 19:00:00,0.29858,0.281,0.2999,0.2754,116367.83106027
2018-02-01 01:00:00,0.2849,0.2836,0.28578000000000003,0.27614,127296.84512219
2018-02-01 07:00:00,0.28379,0.28208,0.28600000000000003,0.275,77858.00578826
2018-02-01 13:00:00,0.2778,0.2398,0.28208,0.2222,227758.5982252
2018-02-01 19:00:00,0.2325,0.2178,0.2373,0.2,493411.21015398
2018-02-02 01:00:00,0.2157,0.22,0.22339,0.19,523409.27310731
2018-02-02 07:00:00,0.22,0.2,0.23,0.1816,225262.34014924
2018-02-02 13:00:00,0.197,0.17369,0.2066,0.161,303518.40033152
2018-02-02 19:00:00,0.16899999999999998,0.20827,0.23978,0.16,563066.59258482
2018-02-03 01:00:00,0.20829,0.21,0.21888,0.19166,65950.96122417
2018-02-03 07:00:00,0.208,0.2047,0.21,0.19,42130.32695065
2018-02-03 13:00:00,0.2047,0.22762,0.2347,0.19378,159415.11673853
2018-02-03 19:00:00,0.22847,0.22924,0.24054,0.21295,148357.93748752
2018-02-04 01:00:00,0.22310500000000005,0.21985500000000005,0.23269,0.21109499999999998,77476.13656716
2018-02-04 13:00:00,0.21884,0.2167,0.22507,0.21243,36457.67252579
2018-02-04 19:00:00,0.2112,0.2034,0.2112,0.1743,406908.89095591
2018-02-05 01:00:00,0.20218,0.18157,0.2069,0.17677,946071.60969637
2018-02-05 07:00:00,0.18,0.1773,0.18989,0.177,56293.11885292
2018-02-05 13:00:00,0.18987,0.177,0.18987,0.177,113264.02050158
2018-02-05 19:00:00,0.17749,0.13715,0.18292,0.1171,301417.99077091
2018-02-06 01:00:00,0.1342,0.14,0.17207999999999998,0.12009,268923.20388946
2018-02-06 07:00:00,0.14028,0.12558,0.14789000000000002,0.11111,255533.64814347
2018-02-06 13:00:00,0.12339,0.13,0.14289000000000002,0.11061,338448.84978846
2018-02-06 19:00:00,0.13188,0.13001,0.1464,0.11796,493168.13380927
2018-02-07 01:00:00,0.13319,0.18,0.194,0.12730999999999998,528189.60914874
2018-02-07 07:00:00,0.1822,0.17600000000000002,0.1822,0.16072999999999998,75576.80125425
2018-02-07 13:00:00,0.1733,0.18368,0.19,0.1669,273889.54059942
2018-02-07 19:00:00,0.18256,0.18796,0.19,0.1777,179274.81807227
2018-02-08 01:00:00,0.18796,0.16726,0.1903,0.16699999999999998,159149.88215633
2018-02-08 07:00:00,0.17801,0.1931,0.2,0.1671,195474.82327118
2018-02-08 13:00:00,0.19323,0.21192,0.22,0.183,194890.69338464
2018-02-08 19:00:00,0.20745999999999998,0.20031,0.2155350000000001,0.194885,376882.112876895
2018-02-09 07:00:00,0.20499,0.1947,0.20499,0.19,21984.03758226
2018-02-09 13:00:00,0.1921,0.19501,0.202,0.1668,412590.06218357
2018-02-09 19:00:00,0.19526,0.2249,0.22909,0.18985,269468.880783
2018-02-10 01:00:00,0.22349,0.2308,0.24012,0.21466,259761.58202458
2018-02-10 07:00:00,0.239,0.25,0.25213,0.23178,260822.68060742
2018-02-10 13:00:00,0.25,0.269,0.3,0.24293,301617.13341765
2018-02-10 19:00:00,0.26665,0.26315,0.309,0.2585,606074.19348054
2018-02-11 01:00:00,0.26289,0.282,0.28928000000000004,0.2583,636811.00222304
2018-02-11 07:00:00,0.2758,0.27881,0.28719,0.2684,257598.8045785
2018-02-11 13:00:00,0.2741,0.257,0.2795,0.2271,333132.05076738
2018-02-11 19:00:00,0.25715,0.25851,0.265,0.24979,155364.16381202
2018-02-12 01:00:00,0.25941,0.25011,0.2649,0.2417,154708.98691199
2018-02-12 07:00:00,0.2579,0.2732,0.2732,0.257,55445.21371865
2018-02-12 13:00:00,0.26763000000000003,0.26223,0.28,0.26223,129731.48813184
2018-02-12 19:00:00,0.26661,0.27542,0.2789,0.26661,64079.67126456
2018-02-13 01:00:00,0.27869,0.27588,0.2952,0.2714,199130.38176081
2018-02-13 07:00:00,0.2763,0.264,0.2763,0.2602,106658.42647106
2018-02-13 13:00:00,0.2646,0.2589,0.27015,0.2551,191175.26992254
2018-02-13 19:00:00,0.2588,0.26959,0.26959,0.25812,30252.23959681
2018-02-14 01:00:00,0.26301,0.253,0.2688,0.253,46675.50259627
2018-02-14 07:00:00,0.253,0.2397,0.253,0.214,1517367.95509329
2018-02-14 13:00:00,0.2397,0.238,0.25,0.2316,278367.80476019
2018-02-14 19:00:00,0.239,0.25051,0.25968,0.238,389756.81901204
2018-02-15 01:00:00,0.25051,0.24511,0.2574,0.235,527366.07091917
2018-02-15 07:00:00,0.24605,0.27249,0.2984,0.2402,638578.00654766
2018-02-15 13:00:00,0.2774,0.2733,0.29,0.26918000000000003,146769.13553545
2018-02-15 19:00:00,0.2735,0.26996,0.29,0.26996,254570.17875282
2018-02-16 01:00:00,0.2693,0.27241,0.27809,0.2613,122364.10712467
2018-02-16 07:00:00,0.27,0.2621,0.27,0.25,257853.99489734
2018-02-16 13:00:00,0.25792,0.2552,0.26328,0.2504,139471.69713122
2018-02-16 19:00:00,0.25479,0.2577,0.2599,0.245,452485.53194037
2018-02-17 01:00:00,0.2568,0.2634,0.265,0.25481,341856.48588126
2018-02-17 07:00:00,0.2633,0.265,0.2654,0.25501,190301.74786989
2018-02-17 13:00:00,0.26539,0.251,0.2742,0.23,1086062.26023716
2018-02-17 19:00:00,0.251,0.25365,0.26589,0.23,1003634.28679575
2018-02-18 01:00:00,0.2491,0.2412,0.25365,0.24112,498053.54487466
2018-02-18 07:00:00,0.24719,0.22201,0.2545,0.2201,431404.01819572
2018-02-18 13:00:00,0.2242,0.2297,0.23819,0.22,313181.68209897
2018-02-18 19:00:00,0.2267,0.2117,0.23609,0.2117,275400.90075097
2018-02-19 01:00:00,0.2139,0.21658,0.2308,0.2101,919807.39397179
2018-02-19 07:00:00,0.2165,0.218,0.225,0.21311,122095.44226296
2018-02-19 13:00:00,0.21746,0.2284,0.2347,0.2174,178595.68288876
2018-02-19 19:00:00,0.2287,0.2401,0.258,0.228,635996.49000611
2018-02-20 01:00:00,0.2446,0.2451,0.25989,0.24012,552671.11288307
2018-02-20 07:00:00,0.2495,0.26298,0.2645,0.24691,390628.58691737
2018-02-20 13:00:00,0.26289,0.2463,0.265,0.245,287137.20134175
2018-02-20 19:00:00,0.25329,0.23157,0.25799,0.23157,319224.7757266
2018-02-21 01:00:00,0.2308,0.2222,0.23959,0.21479,337655.06797821
2018-02-21 07:00:00,0.2157,0.2071,0.2222,0.2029,690935.86294502
2018-02-21 13:00:00,0.2075,0.2,0.21657,0.1966,691140.57538884
2018-02-21 19:00:00,0.2001,0.18327,0.23,0.1702,1243110.73542026
2018-02-22 01:00:00,0.1848,0.181,0.1961,0.16,1329433.80085169
2018-02-22 07:00:00,0.181,0.17231,0.1943,0.165,1387917.57768581
2018-02-22 13:00:00,0.172,0.17800000000000002,0.2033,0.17001,889441.58140412
2018-02-22 19:00:00,0.1797,0.1554,0.19,0.1455,1220755.64206108
2018-02-23 01:00:00,0.1561,0.15155,0.16499,0.1511,968463.97661863
2018-02-23 07:00:00,0.1501,0.15047,0.1587,0.14355,332756.8280507
2018-02-23 13:00:00,0.1477,0.1553,0.1598,0.14355,991318.31609717
2018-02-23 19:00:00,0.15888,0.1567,0.16499,0.1442,654804.59521317
2018-02-24 01:00:00,0.1567,0.16,0.16409,0.1527,265142.57215557
2018-02-24 07:00:00,0.1597,0.1586,0.16399999999999998,0.1539,410330.51306424
2018-02-24 13:00:00,0.1592,0.1426,0.15955,0.13756,743381.63029265
2018-02-24 19:00:00,0.14207,0.14952,0.1538,0.1401,348344.49488226
2018-02-25 01:00:00,0.1504,0.14800000000000002,0.15050999999999998,0.14312,86848.44548258
2018-02-25 07:00:00,0.1476,0.1599,0.16,0.14631,163614.89359922
2018-02-25 13:00:00,0.1589,0.15899000000000002,0.165,0.154,583905.26376696
2018-02-25 19:00:00,0.1564,0.149,0.15888,0.14406,601256.98122258
2018-02-26 01:00:00,0.15120999999999998,0.1551,0.15986,0.149,186170.72181919
2018-02-26 07:00:00,0.157,0.15412,0.1588,0.1518,125100.50552543
2018-02-26 13:00:00,0.1523,0.15265,0.15789,0.1466,348380.23392357
2018-02-26 19:00:00,0.153,0.1626,0.168,0.15191,923213.22917411
2018-02-27 01:00:00,0.16659000000000002,0.166,0.16910999999999998,0.1629,189196.68423831
2018-02-27 07:00:00,0.1673,0.16491,0.1721,0.1635,86720.88982663
2018-02-27 13:00:00,0.1653,0.1723,0.1792,0.1645,233420.57056617
2018-02-27 19:00:00,0.174,0.16598,0.17479,0.16041,249596.11036706
2018-02-28 01:00:00,0.16632,0.1726,0.182,0.16623,92107.6736629
2018-02-28 07:00:00,0.1779,0.1858,0.18888,0.174,129677.24212036
2018-02-28 13:00:00,0.18311,0.17595,0.18888,0.1682,603922.41883802
2018-02-28 19:00:00,0.17600000000000002,0.1719,0.17600000000000002,0.16805,201375.2977241
2018-03-01 01:00:00,0.1745,0.1768,0.17687,0.16746,250455.12114907
2018-03-01 07:00:00,0.1766,0.1742,0.1788,0.1691,120748.74025163
2018-03-01 13:00:00,0.17718,0.18,0.1835,0.17451,179678.58976558
2018-03-01 19:00:00,0.18448,0.1943,0.19979,0.18,273583.69896804
2018-03-02 01:00:00,0.1948,0.21354,0.219,0.1948,851432.76254126
2018-03-02 07:00:00,0.2159,0.2337,0.23379,0.214,438555.35723861
2018-03-02 13:00:00,0.2304,0.2448,0.25,0.2241,618176.32563024
2018-03-02 19:00:00,0.2448,0.24,0.26,0.213,1009036.48919661
2018-03-03 01:00:00,0.24,0.2418,0.2424,0.22593,213999.59989765
2018-03-03 07:00:00,0.2421,0.2461,0.2473,0.2369,84049.57453304
2018-03-03 13:00:00,0.2419,0.243,0.2498,0.24,139984.54680061
2018-03-03 19:00:00,0.24658,0.25126,0.2549,0.24237,141670.01076657
2018-03-04 01:00:00,0.255,0.2524,0.2648,0.2457,202829.36404608
2018-03-04 07:00:00,0.2524,0.24434,0.25549,0.2435,92851.94799364
2018-03-04 13:00:00,0.2441,0.2475,0.2483,0.2435,92660.75642856
2018-03-04 19:00:00,0.24372,0.24411,0.24731,0.2435,98052.19630664
2018-03-05 01:00:00,0.24546,0.2511,0.25608000000000003,0.24546,48814.35372916
2018-03-05 07:00:00,0.2537,0.261,0.2665,0.2534,69607.26886737
2018-03-05 13:00:00,0.2587,0.2549,0.261,0.232,286041.68552575
2018-03-05 19:00:00,0.25958000000000003,0.25475,0.26399,0.25451,35280.1493913
2018-03-06 01:00:00,0.255,0.2586,0.269,0.2545,150883.42261895
2018-03-06 07:00:00,0.26021,0.2381,0.26021,0.22467,159362.7575146
2018-03-06 13:00:00,0.25415,0.2402,0.2589,0.23985,462515.62605505
2018-03-06 19:00:00,0.2471,0.238,0.2497,0.23561,152922.9990963
2018-03-07 01:00:00,0.238,0.2182,0.23871,0.2074,435500.51387306
2018-03-07 07:00:00,0.21809,0.22015,0.23199,0.21789,244957.0705697
2018-03-07 13:00:00,0.2206,0.22471,0.225,0.2103,110370.59189377
2018-03-07 19:00:00,0.22471,0.20173,0.2262,0.1811,819465.01240471
2018-03-08 01:00:00,0.20099,0.21459,0.2311,0.18661,242819.2594206
2018-03-08 07:00:00,0.21169,0.1988,0.2148,0.18621,196803.13682054
2018-03-08 13:00:00,0.20159,0.204,0.2104,0.1964,127634.89826375
2018-03-08 19:00:00,0.19993,0.19334,0.2496,0.185,442589.56331073
2018-03-09 01:00:00,0.19089,0.1996,0.208,0.18995,135348.01425307
2018-03-09 07:00:00,0.1975,0.17626,0.204,0.17626,336966.63967046
2018-03-09 13:00:00,0.17626,0.17409000000000002,0.1836,0.16451,281932.29809848
2018-03-09 19:00:00,0.17399,0.17329,0.1882,0.17,275835.64623520005
2018-03-10 01:00:00,0.17,0.1763,0.20413,0.1528,247600.09103305
2018-03-10 07:00:00,0.16899999999999998,0.18578,0.19,0.16699999999999998,254737.94218152
2018-03-10 13:00:00,0.18700000000000008,0.181695,0.19232,0.176325,132041.997387935
2018-03-11 01:00:00,0.18228,0.18141,0.185,0.17502,150179.19111834
2018-03-11 07:00:00,0.17502,0.17019,0.182,0.165,130872.28862619
2018-03-11 13:00:00,0.17409000000000002,0.1752,0.177,0.16699999999999998,31716.84027925
2018-03-11 19:00:00,0.17579,0.18771,0.188,0.17361,203162.49260093
2018-03-12 01:00:00,0.18472,0.1806,0.1869,0.17894000000000002,178758.19107889
2018-03-12 07:00:00,0.185805,0.19405,0.196845,0.18335,140992.24979318
2018-03-12 19:00:00,0.19721,0.1892,0.1996,0.1802,135048.72428856
2018-03-13 01:00:00,0.18997,0.19028,0.1982,0.17455,258772.19501344
2018-03-13 07:00:00,0.18979,0.1935,0.19816,0.18121,112089.57288677
2018-03-13 13:00:00,0.19305,0.1845,0.19515,0.1833,49087.92017385
2018-03-13 19:00:00,0.1861,0.1857,0.1938,0.1802,97210.75563302
2018-03-14 01:00:00,0.18551,0.185,0.187,0.1816,81187.49618868
2018-03-14 07:00:00,0.1901,0.184,0.19089,0.1832,23497.6429
2018-03-14 13:00:00,0.18451,0.1753,0.18469,0.175,25984.35242126
2018-03-14 19:00:00,0.1751,0.16144,0.17939000000000002,0.16122,231436.57393822
2018-03-15 01:00:00,0.16599,0.16399999999999998,0.17247,0.161,79607.41211591
2018-03-15 07:00:00,0.16011,0.16710999999999998,0.16710999999999998,0.14993,180239.92195597
2018-03-15 13:00:00,0.15730999999999998,0.1845,0.1999,0.1501,302077.84864868
2018-03-15 19:00:00,0.17551,0.185,0.1997,0.16011,443146.07969382
2018-03-16 01:00:00,0.185,0.17469,0.18724,0.17,186696.557029
2018-03-16 07:00:00,0.17409000000000002,0.1696,0.17418,0.155,77331.75306719
2018-03-16 13:00:00,0.16951,0.17121,0.17121,0.1658,35846.33713949
2018-03-16 19:00:00,0.1709,0.1781,0.1877,0.168,172224.23022854
2018-03-17 01:00:00,0.17030499999999998,0.16813499999999998,0.17705,0.16107,50830.39179376001
2018-03-17 07:00:00,0.1662,0.16835,0.1716,0.16204000000000002,21686.71839319
2018-03-17 13:00:00,0.16760999999999998,0.16909000000000002,0.172,0.1622,24038.26728982
2018-03-17 19:00:00,0.16989,0.16312,0.1718,0.158,84724.51055475
2018-03-18 01:00:00,0.15899999999999995,0.14508500000000002,0.15899999999999995,0.13831500000000002,129416.520315985
2018-03-18 07:00:00,0.154,0.13617,0.154,0.12263,189623.66683041
2018-03-18 13:00:00,0.138,0.1438,0.14400000000000002,0.1233,263702.9240711
2018-03-18 19:00:00,0.129425,0.13085000000000002,0.139745,0.11450499999999995,435144.33159672
2018-03-19 07:00:00,0.137655,0.13725,0.143845,0.12365,392590.416615995
2018-03-19 13:00:00,0.13671,0.138,0.14669,0.1241,310829.286158
2018-03-19 19:00:00,0.138,0.1415,0.1455,0.1331,435078.30229971
2018-03-20 01:00:00,0.139,0.1408,0.1434,0.136,75634.20324707
2018-03-20 07:00:00,0.141,0.14140999999999998,0.147,0.1365,217751.9586079
2018-03-20 13:00:00,0.142225,0.14468499999999998,0.15095999999999998,0.135505,279908.27701233
2018-03-20 19:00:00,0.139,0.14772000000000002,0.1545,0.13591,475051.7568891
2018-03-21 01:00:00,0.146955,0.14567000000000002,0.150195,0.14128000000000002,148949.590695035
2018-03-21 07:00:00,0.14619,0.14779,0.14859,0.14256,65719.01005273
2018-03-21 13:00:00,0.14534999999999998,0.142045,0.152755,0.13814,471932.79058849
2018-03-21 19:00:00,0.14200000000000002,0.136195,0.15056,0.13209,478791.065042755
2018-03-22 01:00:00,0.1388,0.1335,0.14111,0.13,162258.9519208
2018-03-22 07:00:00,0.13167,0.1349,0.14201,0.13167,227086.99786943
2018-03-22 13:00:00,0.135,0.1309,0.13834000000000002,0.126,360519.62205172
2018-03-22 19:00:00,0.1304,0.13,0.13245,0.125,224282.89700413
2018-03-23 01:00:00,0.13,0.1327,0.13368,0.1252,203316.57098325
2018-03-23 07:00:00,0.1333,0.12619,0.1333,0.122,186740.83641215
2018-03-23 13:00:00,0.12680999999999998,0.127,0.13029000000000002,0.122,145071.23669538
2018-03-23 19:00:00,0.12949000000000002,0.1491,0.16,0.121,677435.05454221
2018-03-24 01:00:00,0.1492,0.147,0.1559,0.1314,146595.05205395
2018-03-24 07:00:00,0.147,0.1461,0.1516,0.14261,64548.0014732
2018-03-24 13:00:00,0.14555,0.14420999999999998,0.14819000000000002,0.1408,158313.50288794
2018-03-24 19:00:00,0.14255,0.14178,0.151,0.1327,218774.98539628
2018-03-25 01:00:00,0.142545,0.14440000000000006,0.147275,0.13981,92066.44266012
2018-03-25 07:00:00,0.14521125,0.14106625000000006,0.14636875,0.1367025,146823.57566089998
2018-03-25 13:00:00,0.14235,0.142055,0.145225,0.1345,176186.41861962495
2018-03-25 19:00:00,0.139,0.14372,0.14400000000000002,0.133,190966.68408717
2018-03-26 01:00:00,0.14275,0.139495,0.14523999999999998,0.138455,34182.296473775
2018-03-26 07:00:00,0.13933249999999994,0.1324975,0.14144500000000002,0.1319775,186043.87016789246
2018-03-26 13:00:00,0.13107625,0.1269725,0.13294125,0.12551125000000002,139117.4602818525
2018-03-26 19:00:00,0.1285,0.13242,0.14239000000000002,0.125935,102418.107978945
2018-03-27 01:00:00,0.127,0.1383,0.15299,0.127,80178.19404081
2018-03-27 07:00:00,0.139,0.13029000000000002,0.13929,0.128,65968.74582755
2018-03-27 13:00:00,0.13179000000000002,0.13,0.13449,0.127,162678.83946853
2018-03-27 19:00:00,0.12862,0.1295,0.1365,0.1248,185090.710151425
2018-03-28 01:00:00,0.12926,0.126,0.13095,0.125,109447.45292626
2018-03-28 07:00:00,0.1255375,0.13130000000000006,0.13742500000000002,0.125,143247.33153518624
2018-03-28 13:00:00,0.13486999999999996,0.12637500000000002,0.1373625,0.125,111307.68410538
2018-03-28 19:00:00,0.1272,0.1299,0.13,0.1252,24135.0
2018-03-29 01:00:00,0.129,0.12300000000000001,0.12900999999999999,0.122,85152.98816198
2018-03-29 07:00:00,0.122,0.11591,0.1232,0.11556,172976.82471024
2018-03-29 13:00:00,0.11859000000000001,0.1195,0.12089000000000001,0.106,169308.05326575
2018-03-29 19:00:00,0.11621,0.11455,0.12065,0.109,71413.10641052
2018-03-30 01:00:00,0.11135,0.10959,0.11135,0.103,97173.71451592
2018-03-30 07:00:00,0.1109,0.108,0.11091,0.10736,23758.93646155
2018-03-30 13:00:00,0.10647,0.103,0.11,0.097322,191019.15616201
2018-03-30 19:00:00,0.105,0.109,0.11239,0.105,92608.66566698
2018-03-31 01:00:00,0.11189,0.1092,0.11658,0.1092,91266.28723147
2018-03-31 07:00:00,0.1092,0.1145,0.11662,0.1068,165095.68613649
2018-03-31 13:00:00,0.11400999999999999,0.11695,0.12049,0.112,130944.84260051
2018-03-31 19:00:00,0.11695,0.1105,0.12,0.10945999999999999,46467.10172397
2018-04-01 01:00:00,0.115,0.1134,0.1164,0.1134,2071.2
2018-04-01 07:00:00,0.112,0.11270999999999999,0.126,0.0976,144877.60396129
2018-04-01 13:00:00,0.1151,0.10751,0.11520999999999999,0.1011,53737.60365864
2018-04-01 19:00:00,0.112,0.1177,0.12189000000000001,0.112,54695.73171269
2018-04-02 01:00:00,0.1164,0.1136,0.11849,0.112,46913.11716206
2018-04-02 07:00:00,0.11800000000000001,0.12,0.12,0.115,18629.0945821
2018-04-02 13:00:00,0.11455,0.1128,0.11648,0.1051,53078.48051857
2018-04-02 19:00:00,0.1122,0.1119,0.1148,0.1094,45778.91770616
2018-04-03 01:00:00,0.115,0.121,0.126,0.115,114746.75362809
2018-04-03 07:00:00,0.121,0.12300000000000001,0.124,0.1201,94902.60162693
2018-04-03 13:00:00,0.1239,0.1263,0.128,0.12300000000000001,42867.85768427
2018-04-03 19:00:00,0.1264,0.127,0.13004000000000002,0.1251,40711.24281833
2018-04-04 01:00:00,0.1272,0.126,0.1297,0.124,14420.40251905
2018-04-04 07:00:00,0.126,0.11697,0.12729,0.1161,186838.64231385
2018-04-04 13:00:00,0.11900000000000001,0.11900000000000001,0.1199,0.115,42987.42294301
2018-04-04 19:00:00,0.1175,0.11800000000000001,0.12100999999999999,0.1175,30173.58627794
2018-04-05 01:00:00,0.1181,0.1219,0.1219,0.115,31865.59824959
2018-04-05 07:00:00,0.1209,0.12195,0.12195,0.1198,4640.26268026
2018-04-05 13:00:00,0.12195,0.1197,0.1229,0.1197,5125.6001
2018-04-05 19:00:00,0.11900000000000001,0.121,0.12195,0.115,65418.88184381
2018-04-06 01:00:00,0.11833,0.1189,0.1231,0.11372,48142.10655558
2018-04-06 07:00:00,0.1137,0.115,0.121,0.113,30963.75327017
2018-04-06 13:00:00,0.11435,0.1135,0.11849,0.1135,17969.98115711
2018-04-06 19:00:00,0.11619000000000004,0.1134,0.11666,0.112,14225.9095824
2018-04-07 01:00:00,0.115,0.12,0.1201,0.115,20031.03793141
2018-04-07 07:00:00,0.12,0.1181,0.1219,0.1171,25787.20379377
2018-04-07 13:00:00,0.12179,0.122,0.122,0.1182,17164.14092532
2018-04-07 19:00:00,0.12300000000000001,0.12,0.1234,0.12,10246.10169547
2018-04-08 01:00:00,0.12035,0.12130999999999999,0.1235,0.12035,2238.3249899
2018-04-08 07:00:00,0.1234,0.12035,0.1234,0.12000999999999999,16343.51501546
2018-04-08 13:00:00,0.1225,0.11811,0.12319000000000001,0.11811,30342.24142629
2018-04-08 19:00:00,0.1185,0.1159,0.1196,0.11503,23202.15944091
2018-04-09 01:00:00,0.11964000000000001,0.12,0.1229,0.11964000000000001,55338.18461696
2018-04-09 07:00:00,0.12091,0.1188,0.125,0.11800000000000001,30951.86892215
2018-04-09 13:00:00,0.1188,0.1175,0.1201,0.11700999999999999,10303.96017393
2018-04-09 19:00:00,0.11913,0.12075,0.12075,0.116,38253.06557372
2018-04-10 01:00:00,0.12099,0.1229,0.1229,0.12029,34886.88297385
2018-04-10 07:00:00,0.12115,0.1201,0.12300000000000001,0.1201,57028.10833541
2018-04-10 13:00:00,0.12068,0.1288,0.1295,0.12068,73648.67844556
2018-04-10 19:00:00,0.1288,0.127,0.12935,0.1245,76691.08453535
2018-04-11 01:00:00,0.127,0.13477999999999998,0.13477999999999998,0.127,41752.64643382
2018-04-11 07:00:00,0.13477999999999998,0.1324,0.13477999999999998,0.1301,58218.68131202
2018-04-11 13:00:00,0.13425,0.13715750000000002,0.13792500000000002,0.1342125,96739.07452133
2018-04-11 19:00:00,0.139,0.1386,0.13969,0.1362,56244.30908837
2018-04-12 01:00:00,0.13955,0.1417,0.142,0.1368,27605.0349902
2018-04-12 07:00:00,0.1395,0.14595999999999998,0.14615,0.1337,257287.28933925
2018-04-12 13:00:00,0.13928,0.15419000000000002,0.15429,0.136,172450.61372543
2018-04-12 19:00:00,0.14835,0.15759,0.1579,0.14820999999999998,70060.10629439
2018-04-13 01:00:00,0.1575,0.194,0.2,0.15198,349162.74080905
2018-04-13 07:00:00,0.194,0.18636,0.204,0.17,640289.78057626
2018-04-13 13:00:00,0.19315,0.18914,0.2,0.17811,172697.31979303
2018-04-13 19:00:00,0.18914,0.184,0.198,0.1796,194190.84776777
2018-04-14 01:00:00,0.1845,0.1682,0.187,0.16399999999999998,197930.59316037
2018-04-14 07:00:00,0.1682,0.1676,0.1797,0.16399999999999998,214660.28941085
2018-04-14 13:00:00,0.172,0.17,0.175,0.165,88743.83222122
2018-04-14 19:00:00,0.1691,0.1703,0.17800000000000002,0.1611,94012.41303029
2018-04-15 01:00:00,0.17609,0.17608,0.17975,0.17608,16410.58255301
2018-04-15 07:00:00,0.174,0.18,0.1823,0.172,98081.05884107
2018-04-15 13:00:00,0.18,0.175,0.1823,0.1696,89284.77651202
2018-04-15 19:00:00,0.175,0.17800000000000002,0.17800000000000002,0.16960999999999998,27220.76375783
2018-04-16 01:00:00,0.17627,0.16899999999999998,0.177,0.16899999999999998,129377.64966477
2018-04-16 07:00:00,0.16965,0.16899999999999998,0.17323,0.166,21690.75506592
2018-04-16 13:00:00,0.17001,0.17029,0.17369,0.1593,125143.01283447
2018-04-16 19:00:00,0.16339,0.1678,0.16784000000000002,0.16339,2996.00680694
2018-04-17 01:00:00,0.16425,0.1645,0.16451,0.16401,4347.42252668
2018-04-17 07:00:00,0.16815,0.17001,0.1779,0.16485999999999998,61686.26021349
2018-04-17 13:00:00,0.17215,0.1735,0.17528,0.16280999999999998,22053.78637832
2018-04-17 19:00:00,0.16899999999999998,0.163,0.16901,0.1572,48334.74698638
2018-04-18 01:00:00,0.163,0.165,0.16899999999999998,0.16012,16002.186764700002
2018-04-18 07:00:00,0.1631,0.168,0.17,0.159,121955.36763007
2018-04-18 13:00:00,0.1663,0.160096796875,0.16935999999999998,0.15065828124999994,237804.33736463235
2018-04-18 19:00:00,0.16,0.16312,0.1658,0.15,873035.06042374
2018-04-19 01:00:00,0.1594,0.1661,0.16969,0.159,280016.03023624
2018-04-19 07:00:00,0.1682,0.18052671875,0.1932,0.166,585196.929050155
2018-04-19 13:00:00,0.1812,0.17981,0.1889,0.175,110932.53028595
2018-04-19 19:00:00,0.1803,0.18,0.184,0.1651,120922.36316481
2018-04-20 01:00:00,0.18011,0.18293,0.19,0.17411,197180.64908451
2018-04-20 07:00:00,0.18365,0.18898125,0.1890840625,0.1677,136471.5700660856
2018-04-20 13:00:00,0.19,0.19239,0.1927,0.181,82374.51094739
2018-04-20 19:00:00,0.1924,0.188,0.196,0.17,187449.90448994
2018-04-21 01:00:00,0.18846,0.1872,0.192,0.17800000000000002,75236.38517698
2018-04-21 07:00:00,0.19,0.1885,0.19399999999999998,0.184,61238.52122741001
2018-04-21 13:00:00,0.18628,0.18442,0.1902,0.18171,36796.3712193
2018-04-21 19:00:00,0.18442,0.18839,0.18839,0.18195,43398.31501692
2018-04-22 01:00:00,0.1857,0.17728,0.19093,0.17728,48323.64463766
2018-04-22 07:00:00,0.184,0.18921,0.194,0.17800000000000002,102934.61412167
2018-04-22 13:00:00,0.1891,0.1842,0.1891,0.183,91197.10426973
2018-04-22 19:00:00,0.18665,0.1841,0.19062,0.18155,26641.82356874
2018-04-23 01:00:00,0.1841,0.18318,0.1841,0.1789,34155.93113335
2018-04-23 07:00:00,0.18379,0.17620999999999998,0.1854,0.17601,186935.43766807
2018-04-23 13:00:00,0.18,0.17811,0.181,0.1769,51721.96136003
2018-04-23 19:00:00,0.18092,0.17732,0.18092,0.1771,14708.73801812
2018-04-24 01:00:00,0.17720999999999998,0.183,0.1869,0.17720999999999998,196439.96485475
2018-04-24 07:00:00,0.18211,0.18811,0.19069,0.1821,161983.23130487
2018-04-24 13:00:00,0.19069,0.192,0.19405,0.1882,63923.33095925
2018-04-24 19:00:00,0.191,0.198,0.198,0.19,202257.98333137
2018-04-25 01:00:00,0.1971,0.189,0.1999,0.18371,297130.95194314
2018-04-25 07:00:00,0.18461,0.165,0.1899,0.16,327903.00175496
2018-04-25 13:00:00,0.16699999999999998,0.16403,0.17486,0.15987,86677.33352854
2018-04-25 19:00:00,0.17228,0.16691,0.17489000000000002,0.16691,88906.77472798
2018-04-26 01:00:00,0.16775,0.1655,0.172,0.16321,41709.53092433
2018-04-26 07:00:00,0.16818,0.1712,0.1712,0.1631,46885.04404065
2018-04-26 13:00:00,0.16899999999999998,0.1698734375,0.17,0.1665,16638.666924615
2018-04-26 19:00:00,0.1669,0.19255,0.1949,0.1669,209116.82032827
2018-04-27 01:00:00,0.188,0.18904,0.192,0.1762,77621.95033469
2018-04-27 07:00:00,0.18799000000000002,0.1832,0.19,0.18207,21590.16046056
2018-04-27 13:00:00,0.18442999999999998,0.1885,0.18955,0.17800000000000002,22808.82191256
2018-04-27 19:00:00,0.18192,0.1763,0.18192,0.1761,12287.32110036
2018-04-28 01:00:00,0.18189,0.18199,0.18199,0.18189,476.51095096
2018-04-28 07:00:00,0.17958,0.18,0.1835,0.17600000000000002,26164.30816617
2018-04-28 13:00:00,0.18,0.1799,0.183,0.17800000000000002,37223.15242168
2018-04-28 19:00:00,0.1799,0.1782,0.184,0.17807,10823.00210197
2018-04-29 01:00:00,0.17999,0.18001,0.18275,0.17999,5668.56659393
2018-04-29 07:00:00,0.18094000000000002,0.17800000000000002,0.18094000000000002,0.17790999999999998,22193.06338364
2018-04-29 13:00:00,0.17800000000000002,0.18500999999999998,0.19,0.17662,42563.92951406
2018-04-29 19:00:00,0.185,0.18945,0.1915,0.17800000000000002,61365.541978
2018-04-30 01:00:00,0.17918,0.17674,0.17918,0.17201,52571.91402727
2018-04-30 07:00:00,0.175,0.180575,0.184955,0.172,41173.456795955
2018-04-30 13:00:00,0.18801,0.18589,0.189,0.181,321997.37038313
2018-04-30 19:00:00,0.1824,0.17605,0.18545,0.175,50218.44405199
2018-05-01 01:00:00,0.1757,0.172,0.1757,0.16631,51423.47836045
2018-05-01 07:00:00,0.16915999999999998,0.175,0.184,0.1668,90024.68463553
2018-05-01 13:00:00,0.1731,0.1706,0.1731,0.16899999999999998,55052.94100724
2018-05-01 19:00:00,0.1702,0.17789000000000002,0.17789000000000002,0.1702,44186.05119712
2018-05-02 01:00:00,0.17699,0.1779,0.1779,0.1749,47608.67260551
2018-05-02 07:00:00,0.17440999999999998,0.175,0.17855,0.17428,31402.89518875
2018-05-02 13:00:00,0.1751,0.18,0.1811,0.17474,180568.66749128
2018-05-02 19:00:00,0.1773,0.1861,0.18792,0.17581,185732.89657144
2018-05-03 01:00:00,0.18597,0.185,0.19,0.1841,56972.59707548
2018-05-03 07:00:00,0.1842,0.18571,0.1887,0.1842,45711.99020413
2018-05-03 13:00:00,0.18869,0.213,0.218,0.18869,593827.58347497
2018-05-03 19:00:00,0.21798,0.219,0.221,0.21,501169.07064731
2018-05-04 01:00:00,0.2122,0.215,0.21988,0.21,275953.82912856
2018-05-04 07:00:00,0.21635,0.224,0.22689,0.21,261621.65558271
2018-05-04 13:00:00,0.21995,0.22,0.225,0.2101,105568.0615963
2018-05-04 19:00:00,0.21602,0.22021,0.223,0.21,322454.51342920004
2018-05-05 01:00:00,0.22148,0.2326300000000001,0.2326300000000001,0.2131,83286.57587054
2018-05-05 07:00:00,0.22545,0.22635,0.2325,0.22021,88743.79387528
2018-05-05 13:00:00,0.22591,0.2285,0.23489,0.2256,99797.63403647
2018-05-05 19:00:00,0.23174,0.228,0.23174,0.21611,21867.46669886
2018-05-06 01:00:00,0.23199,0.2241,0.2346,0.22,38562.45300755
2018-05-06 07:00:00,0.22401,0.218,0.22598,0.21,238290.48122036
2018-05-06 13:00:00,0.21411,0.21624,0.21624,0.21012,36477.21453225
2018-05-06 19:00:00,0.21226,0.21,0.21226,0.21,106500.56235398
2018-05-07 01:00:00,0.212,0.21026,0.21406,0.205,42640.20759946
2018-05-07 07:00:00,0.20455,0.19,0.20955,0.18,236693.09751248
2018-05-07 12:00:00,0.193,0.19699999999999998,0.19699999999999998,0.1887,26719.50391924
2018-05-07 13:00:00,0.193,0.19435,0.19435,0.1887,15433.56761296
2018-05-07 18:00:00,0.19699999999999998,0.198,0.198,0.19699999999999998,719.28248151
2018-05-08 00:00:00,0.1979,0.19699999999999998,0.1998,0.19573,17956.61396081
2018-05-08 06:00:00,0.1954,0.18887,0.19925,0.187,22659.55276667
2018-05-08 12:00:00,0.18733,0.18697,0.19278,0.182,34947.10365357
2018-05-08 18:00:00,0.18696,0.19045,0.19899999999999998,0.1858,49306.48991256
2018-05-09 00:00:00,0.191,0.18595,0.19804000000000002,0.18594000000000002,29486.72638074
2018-05-09 06:00:00,0.1866,0.19008,0.19008,0.18,112696.99577552
2018-05-09 12:00:00,0.19008,0.19087,0.19087,0.1868,60495.63005556
2018-05-09 18:00:00,0.187,0.187,0.19,0.187,5724.93178178
2018-05-10 00:00:00,0.19,0.18830999999999998,0.19,0.18830999999999998,978.8
2018-05-10 06:00:00,0.1851,0.19294,0.19295,0.1851,2380.47490095
2018-05-10 12:00:00,0.18947999999999998,0.1853,0.1929,0.185,23247.03129093
2018-05-10 18:00:00,0.18500999999999998,0.18073,0.18555,0.18073,33007.12408586
2018-05-11 00:00:00,0.1804,0.184,0.188,0.18,32598.74364424
2018-05-11 06:00:00,0.18299,0.1721,0.1838,0.17,129065.36326714
2018-05-11 12:00:00,0.172,0.172,0.175,0.16699999999999998,17254.495
2018-05-11 18:00:00,0.17201,0.16910999999999998,0.17659,0.16899999999999998,17801.53935927
2018-05-12 00:00:00,0.17001,0.1672,0.171,0.16699999999999998,61268.06489196
2018-05-12 06:00:00,0.16699999999999998,0.16221,0.16865,0.15834,50836.39137883
2018-05-12 12:00:00,0.163,0.152,0.16564,0.14812999999999998,80202.90578927
2018-05-12 18:00:00,0.152,0.1568,0.1568,0.15197,22019.78927125
2018-05-13 00:00:00,0.15402000000000002,0.1567,0.1567,0.15400999999999998,14988.63777564
2018-05-13 06:00:00,0.1568,0.1683,0.172,0.1568,263647.16327747
2018-05-13 12:00:00,0.1683,0.15700999999999998,0.1683,0.1507,113488.70163982
2018-05-13 18:00:00,0.16088,0.16245,0.1779,0.157,61253.34385063
2018-05-14 00:00:00,0.166,0.159,0.16899999999999998,0.159,13493.93098662
2018-05-14 06:00:00,0.15766,0.157,0.15766,0.14,58209.52547956
2018-05-14 12:00:00,0.15358,0.1627,0.163,0.15,66882.49827455
2018-05-14 18:00:00,0.1611,0.16498,0.16498,0.1611,29640.10181167
2018-05-15 00:00:00,0.16000999999999999,0.1617,0.1617,0.16,2588.25770431
2018-05-15 06:00:00,0.1612,0.16545,0.16545,0.1612,14739.26634359
2018-05-15 12:00:00,0.16205999999999998,0.15903,0.1822,0.15903,87817.30350097
2018-05-15 18:00:00,0.16119,0.16015,0.16253,0.155,108577.88948967
2018-05-16 00:00:00,0.15591,0.1507,0.15591,0.14998,20868.08333458
2018-05-16 06:00:00,0.15331,0.15,0.15431,0.13901,43421.13525278
2018-05-16 12:00:00,0.14762,0.14764000000000002,0.15005,0.14395,15719.32329437
2018-05-16 18:00:00,0.15334,0.1474,0.15334,0.14724,12419.27685175
2018-05-17 00:00:00,0.15095999999999998,0.15389,0.15389,0.1502,9991.11782721
2018-05-17 06:00:00,0.15399000000000002,0.15291,0.1719,0.14795,46036.59476317
2018-05-17 12:00:00,0.15287,0.15741,0.16915,0.15198,5330.00779202
2018-05-17 18:00:00,0.15734,0.14831,0.15734,0.14831,13113.007102299998
2018-05-18 00:00:00,0.15007,0.15254,0.1537,0.14795,21778.52564102
2018-05-18 06:00:00,0.15035,0.15163,0.153,0.14886,4197.99225948
2018-05-18 12:00:00,0.15164,0.1474,0.15164,0.14724,55119.85349788
2018-05-18 18:00:00,0.1493,0.151,0.15365,0.14843,5955.61836004
2018-05-19 00:00:00,0.15225999999999998,0.153,0.153,0.15225999999999998,31113.29306311
2018-05-19 06:00:00,0.15275999999999998,0.15400999999999998,0.15778,0.149,21814.40611631
2018-05-19 12:00:00,0.154,0.1505,0.154,0.14945,4598.59454716
2018-05-19 18:00:00,0.153,0.14877,0.15308,0.14511,7217.98711648
2018-05-20 00:00:00,0.14732,0.14400000000000002,0.14732,0.14400000000000002,18437.63419858
2018-05-20 06:00:00,0.14526,0.15,0.151,0.14400000000000002,43259.26314732
2018-05-20 12:00:00,0.14801,0.1492,0.14927,0.147,14250.22145076
2018-05-20 18:00:00,0.14800000000000002,0.14820999999999998,0.154,0.14800000000000002,17122.28876262
2018-05-21 00:00:00,0.14819000000000002,0.1649,0.1649,0.14725,37801.8530644
2018-05-21 06:00:00,0.16418,0.15966,0.16418,0.156,10384.06951905
2018-05-21 12:00:00,0.15567,0.1542,0.15893,0.1541,26488.00906895
2018-05-21 18:00:00,0.15411,0.15192999999999998,0.15655,0.15188,4989.87902839
2018-05-22 00:00:00,0.15864,0.1519,0.15864,0.1515,7403.17084271
2018-05-22 06:00:00,0.15111,0.14800000000000002,0.15564,0.14800000000000002,9864.00686605
2018-05-22 12:00:00,0.14800000000000002,0.14800000000000002,0.15,0.14800000000000002,7676.52620177
2018-05-22 18:00:00,0.1475,0.141,0.1475,0.141,15779.8994615
2018-05-23 00:00:00,0.1412,0.13629000000000002,0.1412,0.121,128042.53619186
2018-05-23 06:00:00,0.13583,0.12851,0.136,0.12851,18051.60739388
2018-05-23 12:00:00,0.12771,0.12058,0.1305,0.12,39321.27259273
2018-05-23 18:00:00,0.12362,0.12393,0.1298,0.12226,55802.76602406
2018-05-24 00:00:00,0.12769,0.127,0.12769,0.12099,65715.38643637
2018-05-24 06:00:00,0.1269,0.12,0.136,0.12,28803.35489222
2018-05-24 12:00:00,0.12699000000000002,0.12765,0.1297,0.12371,10884.59430318
2018-05-24 18:00:00,0.12775,0.12742,0.133,0.125,146404.32730945
2018-05-25 00:00:00,0.12667,0.1276,0.13259,0.12662,7026.79995212
2018-05-25 06:00:00,0.1301,0.12908,0.1301,0.12502,9213.75910807
2018-05-25 12:00:00,0.13,0.13,0.133,0.13,3112.84732804
2018-05-25 18:00:00,0.12908,0.127,0.12908,0.127,513.99225016
2018-05-26 00:00:00,0.13175,0.13,0.13175,0.13,1201.66698796
2018-05-26 06:00:00,0.12716,0.1343,0.1343,0.12716,2967.67470019
2018-05-26 12:00:00,0.13599,0.13666,0.13959000000000002,0.13599,23434.18850502
2018-05-26 18:00:00,0.13899,0.12812,0.14,0.12401,29208.01329329
2018-05-27 00:00:00,0.13121,0.1358,0.136,0.13119,13121.27012964
2018-05-27 06:00:00,0.1358,0.1329,0.13751,0.1329,6529.60493436
2018-05-27 12:00:00,0.133,0.127,0.133,0.127,34235.33643907
2018-05-27 18:00:00,0.13,0.12611,0.13215,0.1241,5236.072
2018-05-28 00:00:00,0.129,0.12104,0.129,0.12101,22410.868603
2018-05-28 06:00:00,0.121,0.12111,0.12435,0.121,3584.73599732
2018-05-28 18:00:00,0.12156,0.119605,0.12273,0.1196,10575.952286355
2018-05-29 00:00:00,0.1181,0.118,0.1181,0.118,4191.5046
2018-05-29 06:00:00,0.11811,0.12369,0.12369,0.11811,9777.45737808
2018-05-29 12:00:00,0.124,0.12131,0.12725999999999998,0.12131,33556.30470487
2018-05-29 18:00:00,0.12553,0.12499,0.12553,0.12181,2615.0
2018-05-30 00:00:00,0.122,0.123,0.12599000000000002,0.122,26966.52390033
2018-05-30 06:00:00,0.123,0.1256,0.12669,0.123,4176.67024906
2018-05-30 12:00:00,0.12312,0.11861,0.12668,0.11861,30750.01939713
2018-05-30 18:00:00,0.1187,0.12185,0.12185,0.1187,8437.87257747
2018-05-31 00:00:00,0.11995,0.12394,0.12394,0.11995,1504.6491578
2018-05-31 06:00:00,0.124,0.125,0.12524000000000002,0.1217,2133.72773927
2018-05-31 12:00:00,0.12182,0.12401,0.12499,0.12182,470.22732300000007
2018-05-31 18:00:00,0.12432,0.142,0.1492,0.12248,104379.03162234
2018-06-01 00:00:00,0.14735,0.13001,0.14735,0.13001,38640.72455565
2018-06-01 06:00:00,0.13415,0.12997,0.13415,0.12997,4042.29975888
2018-06-01 12:00:00,0.12841,0.12822,0.12841,0.1281,1351.52385902
2018-06-01 18:00:00,0.1302,0.13545,0.13545,0.12997,6626.0
2018-06-02 00:00:00,0.13045,0.13045,0.13045,0.13045,1316.64191354
2018-06-02 06:00:00,0.13579000000000002,0.13755,0.13755,0.13053,3162.50520723
2018-06-02 12:00:00,0.13745,0.13151,0.13745,0.1304,5550.66123961
2018-06-02 18:00:00,0.1359,0.13848,0.13848,0.1359,1760.698
2018-06-03 00:00:00,0.1358,0.13491,0.138,0.13491,4772.632000000001
2018-06-03 06:00:00,0.13799,0.13601,0.14444,0.13601,6326.1780424
2018-06-03 12:00:00,0.14155,0.14125,0.1449,0.13602,14537.14205866
2018-06-03 18:00:00,0.14089000000000002,0.13825,0.14089000000000002,0.13734000000000002,919.41151478
2018-06-04 00:00:00,0.13899,0.13899,0.13899,0.13899,108.31933886
2018-06-04 06:00:00,0.13899,0.1251,0.13899,0.1186,45068.03558209
2018-06-04 12:00:00,0.1264,0.12513,0.1264,0.1211,17460.0
2018-06-04 18:00:00,0.12334,0.1221,0.124,0.1221,8564.28872956
2018-06-05 06:00:00,0.12689,0.12594,0.1269,0.123,13470.39709879
2018-06-05 12:00:00,0.12455,0.12513,0.12513,0.1216,89302.17152653
2018-06-05 18:00:00,0.12686,0.12925,0.13033,0.12686,6200.0
2018-06-06 00:00:00,0.12925,0.122,0.12925,0.1211,11681.25203298
2018-06-06 06:00:00,0.12191,0.1276,0.1276,0.1211,14298.06422136
2018-06-06 12:00:00,0.12383,0.1211,0.12451,0.1211,29184.83226785
2018-06-06 18:00:00,0.1268,0.12325,0.13188,0.12276,10238.39008309
2018-06-07 00:00:00,0.12485,0.12485,0.12485,0.12485,828.64053917
2018-06-07 06:00:00,0.1252,0.12500999999999998,0.12905,0.12500999999999998,5448.61260815
2018-06-07 12:00:00,0.12942,0.12621,0.12942,0.12561,1741.4286
2018-06-07 18:00:00,0.12864,0.1255,0.12865,0.1255,4744.4206
2018-06-08 00:00:00,0.1257,0.1211,0.1257,0.1211,9507.10607338
2018-06-08 06:00:00,0.12451,0.125,0.12691,0.12314,3110.75481514
2018-06-08 12:00:00,0.125,0.1222,0.125,0.12187,10656.9398653
2018-06-08 18:00:00,0.12426,0.12429,0.12429,0.12426,1564.0
2018-06-09 00:00:00,0.124,0.124,0.124,0.124,2222.0
2018-06-09 06:00:00,0.123,0.123,0.123,0.123,400.198
2018-06-09 12:00:00,0.12222,0.12231,0.12231,0.12222,525.77242
2018-06-09 18:00:00,0.12241,0.12131,0.1246,0.12131,3553.0
2018-06-10 00:00:00,0.12339,0.121,0.12339,0.121,21180.87550052
2018-06-10 06:00:00,0.121,0.1188,0.121,0.1188,11883.24261959
2018-06-10 12:00:00,0.1203,0.11125,0.1203,0.11125,45308.84535969
2018-06-10 18:00:00,0.1114,0.10386,0.1114,0.1022,8839.70504
2018-06-11 00:00:00,0.10451,0.10451,0.10451,0.10451,99.8
2018-06-11 06:00:00,0.10566,0.1074,0.10876,0.10566,9831.22742
2018-06-11 12:00:00,0.10551,0.10542,0.10551,0.10542,103.1932
2018-06-11 18:00:00,0.107,0.109,0.109,0.107,408.0
2018-06-12 00:00:00,0.11141,0.10711,0.1125,0.10711,18593.50781211
2018-06-12 06:00:00,0.1154,0.10487,0.1154,0.10487,186.527584
2018-06-12 12:00:00,0.1064,0.1053,0.1064,0.1053,10418.50131066
2018-06-12 18:00:00,0.105,0.0982,0.105,0.096013,27163.67147953
2018-06-13 00:00:00,0.09880900000000001,0.10001,0.10034,0.097334,15696.15243089
2018-06-13 06:00:00,0.11,0.097621,0.11289,0.096803,9530.28474535
2018-06-13 12:00:00,0.09977899999999999,0.09648,0.09978,0.095,25290.42482489
2018-06-13 18:00:00,0.0951,0.09593,0.11085999999999999,0.09399,8225.99478806
2018-06-14 00:00:00,0.10019,0.09793,0.105,0.09793,3029.77369565
2018-06-14 06:00:00,0.11039000000000004,0.111,0.111,0.10226,20252.1697278
2018-06-14 12:00:00,0.11069,0.10432000000000001,0.11069,0.10013,7165.66205252
2018-06-14 18:00:00,0.10991,0.10151,0.11001,0.10112,31452.42441912
2018-06-15 00:00:00,0.10989000000000004,0.10817,0.10989000000000004,0.10765999999999999,590.0
2018-06-15 06:00:00,0.10717,0.1017,0.10979000000000001,0.10021000000000001,11305.22508053
2018-06-15 12:00:00,0.10161,0.10303,0.10303,0.10161,4302.7312
2018-06-15 18:00:00,0.10117,0.10152,0.10465999999999999,0.10095,3438.03809364
2018-06-16 00:00:00,0.10152,0.10105,0.10152,0.1002,8315.12394525
2018-06-16 06:00:00,0.10167,0.09696,0.10167,0.09696,16013.12854623
2018-06-16 12:00:00,0.097083,0.10255999999999996,0.10368,0.097082,4184.84320152
2018-06-16 18:00:00,0.1009,0.1009,0.1009,0.1009,787.9212
2018-06-17 00:00:00,0.098182,0.098181,0.098182,0.098181,1474.66052682
2018-06-17 06:00:00,0.10466,0.10466,0.10466,0.10466,172.45005178
2018-06-18 06:00:00,0.09972,0.09971,0.099781,0.09971,1399.3
2018-06-18 12:00:00,0.10222,0.098501,0.11529,0.098501,18053.83389771
2018-06-18 18:00:00,0.11486,0.10418,0.11486,0.10418,1125.46663922
2018-06-19 06:00:00,0.11436,0.11436,0.11436,0.11436,11000.0
2018-06-19 12:00:00,0.10435,0.10377,0.10435,0.10377,2666.20795187
2018-06-20 06:00:00,0.10377,0.10998,0.10998,0.10377,2115.349
2018-06-20 12:00:00,0.11039000000000004,0.10471,0.11039000000000004,0.10471,831.99451392
2018-06-20 18:00:00,0.11071,0.11071,0.11071,0.11071,1000.0
2018-06-21 06:00:00,0.1115,0.10666,0.11299,0.10312,2310.1
2018-06-21 12:00:00,0.10276,0.10172,0.11197,0.10103,9641.56411194
2018-06-21 18:00:00,0.11055,0.11107,0.11107,0.11055,300.0
2018-06-22 00:00:00,0.10888,0.10726,0.10888,0.10726,58008.93936751
2018-06-22 06:00:00,0.10247,0.10917,0.10917,0.101,5572.8668
2018-06-22 12:00:00,0.10092,0.10052,0.10092,0.10002,693.81604902
2018-06-22 18:00:00,0.10001,0.095394,0.10001,0.095394,51308.66953239
2018-06-23 06:00:00,0.097916,0.096649,0.097916,0.096649,5489.00523815
2018-06-24 00:00:00,0.095132,0.090021,0.095132,0.09,9677.98896263
2018-06-24 06:00:00,0.09,0.092,0.092,0.089276,20151.0481326
2018-06-24 12:00:00,0.092,0.088004,0.092,0.088004,16016.25813301
2018-06-24 18:00:00,0.09392,0.095,0.095,0.092376,49528.34778518
2018-06-25 00:00:00,0.10006,0.10007,0.10007,0.10006,1535.84477377
2018-06-25 06:00:00,0.0965,0.0965,0.0965,0.0965,2673.8013052
2018-06-25 12:00:00,0.09513,0.099726,0.099726,0.094,14486.96908063
2018-06-25 18:00:00,0.099582,0.095164,0.099582,0.095164,274.725
2018-06-26 00:00:00,0.094003,0.094,0.094003,0.094,9724.16027237
2018-06-26 06:00:00,0.092053,0.092051,0.092053,0.092051,1998.0
2018-06-27 00:00:00,0.093101,0.090316,0.098804,0.090316,6219.57286975
2018-06-27 06:00:00,0.091353,0.098517,0.0987,0.091353,9105.03202907
2018-06-27 12:00:00,0.093002,0.090397,0.093002,0.090397,6710.92808264
2018-06-27 18:00:00,0.091733,0.091733,0.091733,0.091733,429.22
2018-06-28 00:00:00,0.092212,0.092212,0.092212,0.092212,589.66518493
2018-06-28 06:00:00,0.0935,0.092202,0.0935,0.092202,1400.0
2018-06-28 12:00:00,0.0935,0.093602,0.093602,0.0935,2527.54231226
2018-06-28 18:00:00,0.093601,0.08805299999999999,0.093601,0.08805299999999999,12020.48282466
2018-06-29 00:00:00,0.088371,0.0889,0.0889,0.08800000000000001,2872.22701365
2018-06-29 06:00:00,0.097996,0.08889,0.097996,0.08889,2036.6
2018-06-29 12:00:00,0.08900000000000001,0.09031,0.09031,0.08900000000000001,6135.798747800001
2018-06-29 18:00:00,0.09,0.095,0.095,0.089999,102178.86827606
2018-06-30 00:00:00,0.095998,0.0999,0.1,0.090848,40863.04751771
2018-06-30 06:00:00,0.095342,0.101,0.101,0.095342,7673.124446600003
2018-06-30 12:00:00,0.10064,0.1003,0.10064,0.10011,7715.87161716
2018-06-30 18:00:00,0.1005,0.09867999999999999,0.1005,0.09867999999999999,338.1564
2018-07-01 00:00:00,0.10558,0.10428,0.10659,0.103775,1150.0
2018-07-01 06:00:00,0.09966,0.10017999999999999,0.10017999999999999,0.09966,1248.0
2018-07-01 12:00:00,0.10087,0.099953,0.10087,0.097013,5054.71410666
2018-07-01 18:00:00,0.099959,0.098982,0.099959,0.098982,216.0
2018-07-02 00:00:00,0.094649,0.097718,0.09978300000000001,0.091,21642.55577527
2018-07-02 06:00:00,0.092508,0.095595,0.096748,0.092507,3623.87407045
2018-07-02 12:00:00,0.095571,0.102,0.10514000000000001,0.09557,26698.76416434
2018-07-02 18:00:00,0.1052,0.099,0.1052,0.09764400000000001,87073.277195
2018-07-03 00:00:00,0.0999,0.098,0.0999,0.097999,50829.91739712
2018-07-03 06:00:00,0.10136,0.10122,0.10136,0.10122,2114.6200186
2018-07-03 18:00:00,0.10119,0.10119,0.10119,0.10119,114.45423151
2018-07-04 00:00:00,0.10106,0.10186,0.10186,0.10106,3377.67289456
2018-07-04 06:00:00,0.095571,0.090165,0.095572,0.090018,6276.21726
2018-07-04 12:00:00,0.09400599999999999,0.09993300000000001,0.1,0.09069400000000001,7848.87245596
2018-07-04 18:00:00,0.09412999999999999,0.09412999999999999,0.09412999999999999,0.09412999999999999,135.405
2018-07-05 06:00:00,0.09413200000000001,0.09412999999999999,0.09413200000000001,0.09412999999999999,2183.48710605
2018-07-05 12:00:00,0.09413300000000001,0.09412999999999999,0.09413300000000001,0.09412999999999999,1783.12012686
2018-07-06 00:00:00,0.091672,0.091672,0.091672,0.091672,175.864
2018-07-06 06:00:00,0.091661,0.091661,0.09166200000000001,0.091661,4027.65622698
2018-07-06 18:00:00,0.091601,0.0916,0.09300000000000001,0.0916,4150.41407625
2018-07-07 00:00:00,0.0916,0.090365,0.093665,0.085,35498.04926896
2018-07-07 06:00:00,0.095241,0.095241,0.095241,0.095241,300.0
2018-07-07 12:00:00,0.088978,0.095934,0.095934,0.088906,1514.26908287
2018-07-07 18:00:00,0.08892,0.089036,0.09590499999999999,0.08892,352.61470803
2018-07-08 00:00:00,0.089036,0.089036,0.089036,0.089036,1968.3050438999999
2018-07-08 06:00:00,0.09,0.09,0.09,0.09,2494.315
2018-07-08 12:00:00,0.094104,0.093568,0.094105,0.09,4483.0
2018-07-08 18:00:00,0.09002,0.09,0.09002,0.09,474.5726
2018-07-09 00:00:00,0.0846,0.0846,0.0846,0.0846,135.405
2018-07-09 06:00:00,0.084699,0.08484,0.08484,0.0846,2370.52010172
2018-07-09 12:00:00,0.088838,0.085001,0.088838,0.085001,271.67
2018-07-09 18:00:00,0.0855,0.0846,0.0855,0.0846,14148.0
2018-07-10 00:00:00,0.084612,0.08415800000000001,0.084612,0.084,41197.37347085
2018-07-10 06:00:00,0.083802,0.0822,0.083802,0.0822,6853.96092342
2018-07-10 12:00:00,0.08126,0.0809,0.08126,0.0809,2921.79803085
2018-07-10 18:00:00,0.080401,0.076,0.080401,0.076,7123.4919
2018-07-11 06:00:00,0.077001,0.076,0.077001,0.076,3010.0
2018-07-11 12:00:00,0.074474,0.073478,0.074474,0.073478,1150.236005
2018-07-12 06:00:00,0.073504,0.073501,0.073504,0.073501,3106.215
2018-07-12 12:00:00,0.073507,0.07350599999999999,0.073507,0.07350599999999999,2144.73423838
2018-07-13 00:00:00,0.07372100000000001,0.073724,0.073724,0.07372000000000001,2086.49169498
2018-07-13 06:00:00,0.08199999999999999,0.073791,0.08199999999999999,0.073764,706.10101847
2018-07-13 12:00:00,0.081899,0.075001,0.0819,0.075001,7976.93431156
2018-07-13 18:00:00,0.075001,0.076,0.076,0.075001,7413.97687026
2018-07-14 00:00:00,0.075001,0.075001,0.075001,0.075001,262.80409586
2018-07-14 12:00:00,0.08,0.08189199999999999,0.08189199999999999,0.08,5038.59470077
2018-07-16 06:00:00,0.08199999999999999,0.086991,0.086991,0.08199999999999999,22051.47230629
2018-07-16 12:00:00,0.08694199999999999,0.086966,0.086966,0.08694199999999999,10840.57916906
2018-07-16 18:00:00,0.078309,0.086999,0.086999,0.078309,2229.6
2018-07-17 00:00:00,0.08002000000000001,0.080002,0.08680800000000001,0.080002,896.2868
2018-07-17 06:00:00,0.0867,0.086729,0.086729,0.0867,430.0
2018-07-17 12:00:00,0.079123,0.080084,0.080084,0.079123,1584.77476485
2018-07-17 18:00:00,0.08256000000000001,0.08206000000000001,0.094688,0.081093,76246.97280026
2018-07-18 00:00:00,0.0835,0.084,0.08400099999999999,0.0835,709.8
2018-07-18 06:00:00,0.0875,0.08599,0.0875,0.084021,18840.02890762
2018-07-18 12:00:00,0.08783400000000001,0.081161,0.095,0.07839199999999999,195649.77691662
2018-07-18 18:00:00,0.081202,0.08199999999999999,0.08199999999999999,0.079,43985.71388392
2018-07-19 00:00:00,0.079934,0.075101,0.079934,0.0751,40894.32725567
2018-07-19 06:00:00,0.075101,0.0751,0.075101,0.073786,59772.35506115
2018-07-19 12:00:00,0.0751,0.075101,0.075101,0.074291,29913.27481692
2018-07-19 18:00:00,0.075,0.0742,0.075,0.0742,3456.0
2018-07-20 00:00:00,0.0742,0.0742,0.0742,0.0742,324.0
2018-07-20 06:00:00,0.075101,0.075101,0.075101,0.073,60777.2519711
2018-07-20 12:00:00,0.075,0.07200000000000001,0.075,0.07200000000000001,4161.76874291
2018-07-20 18:00:00,0.0714,0.07439,0.07439,0.070021,11945.19712104
2018-07-21 00:00:00,0.070252,0.070252,0.070252,0.070252,365.75713441
2018-07-21 12:00:00,0.070918,0.070255,0.07109,0.070255,10577.65747452
2018-07-21 18:00:00,0.072994,0.073,0.073,0.072994,2390.2273
2018-07-22 06:00:00,0.071439,0.07144,0.07144,0.071439,1859.0
2018-07-22 12:00:00,0.0747,0.071501,0.0751,0.071501,1492.0
2018-07-22 18:00:00,0.0715,0.0715,0.0715,0.0715,668.0
2018-07-23 06:00:00,0.075071,0.07400000000000001,0.075101,0.07400000000000001,6128.1122577
2018-07-23 12:00:00,0.07509600000000001,0.075101,0.075101,0.075044,12415.95121804
2018-07-23 18:00:00,0.07499,0.07213,0.07499,0.072061,1329.77171571
2018-07-24 00:00:00,0.072129,0.072129,0.072129,0.072129,681.30937615
2018-07-24 06:00:00,0.072345,0.0715,0.074795,0.0715,3740.67130708
2018-07-24 12:00:00,0.0743,0.072598,0.0745,0.072598,6246.10269268
2018-07-24 18:00:00,0.073573,0.075101,0.075101,0.0715,149901.00271547
2018-07-25 00:00:00,0.073973,0.072469,0.07509600000000001,0.072469,16972.07068737
2018-07-25 06:00:00,0.073148,0.07189999999999999,0.073148,0.07088649999999999,52563.32538785
2018-07-25 12:00:00,0.071608,0.07168,0.075074,0.071388,83954.00404069
2018-07-25 18:00:00,0.07209700000000001,0.068129,0.073906,0.068129,49694.84953024
2018-07-26 00:00:00,0.068,0.064384,0.069767,0.064384,11828.56939921
2018-07-26 06:00:00,0.067147,0.070001,0.071993,0.066,3897.69221063
2018-07-26 12:00:00,0.071993,0.063169,0.07220499999999999,0.062512,81736.18907307
2018-07-26 18:00:00,0.070724,0.051904,0.070724,0.051904,118128.68247920001
2018-07-27 00:00:00,0.056694000000000015,0.06146,0.06146,0.0566,2198.0
2018-07-27 06:00:00,0.065,0.064932,0.065348,0.061463,9303.05112335
2018-07-27 12:00:00,0.06435700000000001,0.067187,0.068977,0.06435700000000001,9082.16038921
2018-07-27 18:00:00,0.0682,0.069065,0.069065,0.0682,788.75
2018-07-28 00:00:00,0.066286,0.066286,0.066286,0.066286,290.28
2018-07-28 06:00:00,0.066731,0.06679500000000001,0.070009,0.055139,23870.65813133
2018-07-28 12:00:00,0.06987,0.06679600000000001,0.06987,0.06679600000000001,3831.88024755
2018-07-28 18:00:00,0.06679700000000001,0.06679500000000001,0.06679700000000001,0.06679500000000001,2742.16121737
2018-07-29 06:00:00,0.06956799999999999,0.070674,0.070677,0.06956799999999999,76923.51780039999
2018-07-29 12:00:00,0.068187,0.069,0.069,0.06812,5527.27977873
2018-07-29 18:00:00,0.06967999999999999,0.070676,0.071,0.06967899999999999,87964.76905306
2018-07-30 06:00:00,0.06866799999999999,0.068899,0.07310499999999999,0.06866799999999999,60453.70265292
2018-07-30 12:00:00,0.070002,0.071001,0.075101,0.068182,237950.66807048
2018-07-30 18:00:00,0.07121,0.067165,0.073,0.067165,10283.23963701
2018-07-31 00:00:00,0.07139,0.065,0.071629,0.065,39270.14184932
2018-07-31 06:00:00,0.06094400000000001,0.063684,0.071626,0.057525,46329.99424392
2018-07-31 12:00:00,0.063894,0.063894,0.063894,0.063894,2119.0
2018-07-31 18:00:00,0.064742,0.064996,0.064998,0.064742,3008.5255
2018-08-01 00:00:00,0.06468099999999999,0.059592,0.065,0.059000000000000004,28541.08642
2018-08-01 06:00:00,0.0645,0.0672,0.0672,0.0645,19128.46773403
2018-08-01 12:00:00,0.068953,0.068962,0.069999,0.060264,9426.00839967
2018-08-01 18:00:00,0.064461,0.067999,0.067999,0.064461,850.78218684
2018-08-02 00:00:00,0.067999,0.068,0.0751,0.067999,84306.52310153
2018-08-02 06:00:00,0.067973,0.067973,0.067973,0.067973,500.73289413
2018-08-02 12:00:00,0.070137,0.069504,0.072296,0.069504,11031.50706684
2018-08-02 18:00:00,0.069003,0.071,0.071,0.069003,71241.01036
2018-08-03 00:00:00,0.071,0.068,0.071,0.060011,387835.3502008
2018-08-03 06:00:00,0.066,0.065,0.066005,0.065,156831.11168368
2018-08-03 12:00:00,0.07,0.063726,0.07,0.063726,360.92351675
2018-08-03 18:00:00,0.0626,0.061890999999999995,0.0626,0.061890999999999995,1999.0
2018-08-04 06:00:00,0.06400299999999999,0.06400299999999999,0.06400299999999999,0.06400299999999999,199.72475
2018-08-04 12:00:00,0.064002,0.061171,0.064002,0.061171,73320.75992032
2018-08-04 18:00:00,0.062,0.06001,0.0627,0.06001,408154.32980269
2018-08-05 00:00:00,0.06001,0.06,0.06001,0.06,883.35043583
2018-08-05 06:00:00,0.06,0.06,0.06601,0.06,123360.67005317
2018-08-05 12:00:00,0.061497,0.060705999999999996,0.061497,0.060705999999999996,2547.49101441
2018-08-06 00:00:00,0.06075,0.064452,0.064452,0.055,30929.54552645
2018-08-06 06:00:00,0.054997000000000004,0.054997000000000004,0.054997000000000004,0.054997000000000004,252.0
2018-08-06 12:00:00,0.061916999999999986,0.053251,0.062987,0.0529,38841.543807099995
2018-08-06 18:00:00,0.061017999999999996,0.053,0.061017999999999996,0.050055,44189.37414143
2018-08-07 00:00:00,0.051739999999999994,0.05852,0.05852,0.051475,17592.9929
2018-08-07 06:00:00,0.053958000000000006,0.055001,0.055663,0.053958000000000006,11318.32551154
2018-08-07 12:00:00,0.05513,0.057,0.063,0.05513,24519.24698313
2018-08-07 18:00:00,0.061479,0.055104999999999994,0.0625,0.055104999999999994,6399.26832346
2018-08-08 00:00:00,0.054789,0.054158000000000005,0.054789,0.054158000000000005,770.79034494
2018-08-08 06:00:00,0.059899,0.051,0.059899,0.051,23484.43306582
2018-08-08 12:00:00,0.059875,0.051002,0.059875,0.05,42089.69
2018-08-08 18:00:00,0.051002,0.050002,0.051019,0.050002,14455.64711947
2018-08-09 06:00:00,0.054000000000000006,0.054000000000000006,0.054000000000000006,0.054000000000000006,26608.37568
2018-08-09 12:00:00,0.053999,0.0545,0.054501,0.053999,30235.97954877
2018-08-09 18:00:00,0.054501,0.065104,0.065104,0.054501,17258.97474469
2018-08-10 00:00:00,0.064195,0.0545,0.064195,0.0545,4194.34969065
2018-08-10 12:00:00,0.057036,0.057036,0.057036,0.057036,184.0
2018-08-10 18:00:00,0.055011000000000004,0.05501,0.055011000000000004,0.05501,4311.176411399999
2018-08-11 00:00:00,0.05501,0.050524,0.055011000000000004,0.050524,39766.11285784
2018-08-11 06:00:00,0.051139,0.0548,0.0548,0.051017,13850.988430500001
2018-08-11 12:00:00,0.050135,0.048878,0.050135,0.0487,9482.0
2018-08-11 18:00:00,0.049999,0.046377999999999996,0.05,0.046360000000000005,13736.76155162
2018-08-12 00:00:00,0.046104,0.044111000000000004,0.046104,0.0439,12351.96975116
2018-08-12 06:00:00,0.050588,0.049631,0.050588,0.049631,368.0
2018-08-12 12:00:00,0.0548,0.04412,0.054934000000000004,0.04412,22860.965519
2018-08-13 00:00:00,0.04412,0.04412,0.04412,0.04412,5689.9969099
2018-08-13 06:00:00,0.044121,0.044121,0.044121,0.044121,258.653
2018-08-13 12:00:00,0.045,0.054984000000000005,0.054984000000000005,0.045,3368.0
2018-08-13 18:00:00,0.045001,0.0445,0.045001,0.04,95939.30980793
2018-08-14 00:00:00,0.041141000000000004,0.040999999999999995,0.045058999999999995,0.033106000000000003,17014.271464899994
2018-08-14 06:00:00,0.04,0.036043,0.0449,0.034519,25128.56990371
2018-08-14 12:00:00,0.040984,0.040984,0.040984,0.040984,1000.0
2018-08-14 18:00:00,0.0405,0.0405,0.0405,0.0405,201.0
2018-08-15 06:00:00,0.044237,0.044239,0.044239,0.038,25229.32260112
2018-08-15 12:00:00,0.036641,0.0381,0.044128,0.036641,2081.53376039
2018-08-15 18:00:00,0.04413,0.044239999999999995,0.044239999999999995,0.04413,1314.54027578
2018-08-16 00:00:00,0.044344999999999996,0.044347000000000004,0.044347000000000004,0.044344999999999996,51402.94717771
2018-08-16 12:00:00,0.044347000000000004,0.041091,0.044348,0.041091,10427.61293296
2018-08-16 18:00:00,0.044347000000000004,0.044348,0.044348,0.044347000000000004,77559.30230218
2018-08-17 00:00:00,0.044348,0.044348,0.044348,0.044348,23685.35337064
2018-08-17 06:00:00,0.0443,0.0443,0.0443,0.0443,7959.00803702
2018-08-17 12:00:00,0.041988,0.041988,0.041988,0.041988,308.12103608
2018-08-17 18:00:00,0.049995,0.049,0.05,0.04318,15812.9948898
2018-08-18 00:00:00,0.046958,0.04695,0.046958,0.04695,1604.0
2018-08-18 06:00:00,0.047973,0.047973,0.047973,0.047973,798.0
2018-08-18 12:00:00,0.043183,0.0422,0.043183,0.0422,3293.0
2018-08-18 18:00:00,0.044000000000000004,0.043477999999999996,0.044000000000000004,0.043477999999999996,7105.23251925
2018-08-19 12:00:00,0.045,0.045,0.045,0.045,5331.50078511
2018-08-19 18:00:00,0.045374,0.045380000000000004,0.045380000000000004,0.0434,21271.40217053
2018-08-20 00:00:00,0.042511,0.0425,0.042511,0.0425,4540.9
2018-08-20 06:00:00,0.0425,0.0425,0.0425,0.0425,326.6512
2018-08-20 12:00:00,0.047889999999999995,0.042,0.047889999999999995,0.042,1368.15745754
2018-08-20 18:00:00,0.042,0.042,0.042,0.042,698.6
2018-08-21 00:00:00,0.045,0.045,0.045,0.045,1814.6481
2018-08-21 06:00:00,0.044,0.043,0.044,0.043,3511.52118432
2018-08-21 12:00:00,0.042,0.042015,0.042233,0.042,3496.27
2018-08-21 18:00:00,0.043174,0.045935,0.048234,0.043047,35609.195
2018-08-22 00:00:00,0.0491,0.045714,0.04911,0.045714,7810.0745
2018-08-22 06:00:00,0.045714,0.048936,0.048936,0.040844,83305.11240954
2018-08-22 12:00:00,0.042342000000000005,0.041871,0.042374,0.041871,4312.38553353
2018-08-22 18:00:00,0.041559,0.044996,0.044996,0.041559,1402.91461937
2018-08-23 00:00:00,0.044876,0.044982999999999995,0.044982999999999995,0.044876,7710.35544186
2018-08-23 06:00:00,0.044997,0.0425,0.044997,0.0425,22269.94428976
2018-08-23 12:00:00,0.043799,0.0438,0.0438,0.043799,12129.22738411
2018-08-23 18:00:00,0.044,0.044,0.044,0.044,1162.8821638
2018-08-24 00:00:00,0.044859,0.044859,0.044859,0.044859,300.0
2018-08-24 06:00:00,0.043019999999999996,0.04383775,0.0439155,0.0426,20351.0061182075
2018-08-24 12:00:00,0.044326,0.041624,0.044326,0.041000999999999996,12324.49212252
2018-08-25 06:00:00,0.0438,0.044000000000000004,0.044000000000000004,0.0438,15244.43921356
2018-08-26 06:00:00,0.044000000000000004,0.044000000000000004,0.044000000000000004,0.044000000000000004,1598.0
2018-08-26 18:00:00,0.045850999999999996,0.043949,0.045852,0.043949,3072.77983772
2018-08-27 00:00:00,0.0439,0.0447,0.0447,0.0439,464.0
2018-08-27 18:00:00,0.045893,0.046048,0.046051,0.041338,65140.71642214
2018-08-28 00:00:00,0.043213,0.043213,0.043213,0.043213,999.0
2018-08-28 06:00:00,0.049966,0.049966,0.049966,0.049966,5000.0
2018-08-28 12:00:00,0.046088,0.046089,0.046089,0.045,12776.38786249
2018-08-28 18:00:00,0.045814,0.049968,0.049968,0.045814,5017.05910411
2018-08-29 00:00:00,0.048999,0.048999,0.048999,0.048999,1000.0
2018-08-29 12:00:00,0.046869,0.047999,0.047999,0.046869,5965.2605509
2018-08-30 06:00:00,0.04537,0.041059,0.04537,0.041049,15152.16010629
2018-08-30 12:00:00,0.041049,0.042087,0.042087,0.041049,13818.85484349
2018-08-30 18:00:00,0.041069,0.0421,0.046499,0.041069,2371.1416
2018-08-31 00:00:00,0.041041,0.04123,0.046389,0.041,6187.9075322
2018-08-31 06:00:00,0.04123,0.04123,0.04123,0.04123,890.0
2018-08-31 12:00:00,0.044515,0.044515,0.044515,0.0445,1446.6753
2018-08-31 18:00:00,0.0445,0.044508,0.044508,0.0445,9703.83145724
2018-09-01 00:00:00,0.042,0.045388,0.045388,0.042,674.8007
2018-09-01 12:00:00,0.042,0.04528,0.04528,0.041888,11640.28181224
2018-09-01 18:00:00,0.04528,0.0471,0.05,0.045201,99150.62749031
2018-09-02 00:00:00,0.045201,0.045999,0.046999,0.0452,6347.77975522
2018-09-02 06:00:00,0.045999,0.0442,0.045999,0.044,2198.33402372
2018-09-02 12:00:00,0.046,0.046,0.049,0.0445,6450.693711525
2018-09-02 18:00:00,0.047998,0.047998,0.047998,0.047998,5100.0
2018-09-03 00:00:00,0.047195,0.047688999999999995,0.047688999999999995,0.047195,5917.49012479
2018-09-03 12:00:00,0.043345,0.048569,0.048569,0.043345,12216.32221094
2018-09-03 18:00:00,0.045,0.0451,0.0451,0.045,46092.33705539
2018-09-04 00:00:00,0.0451,0.048998,0.048998,0.0451,2219.29071005
2018-09-04 06:00:00,0.044468,0.044468,0.044468,0.044468,2247.75
2018-09-04 12:00:00,0.048898,0.048899,0.048899,0.048898,4479.03159574
2018-09-04 18:00:00,0.04373,0.0415,0.04373,0.041,40677.30782163
2018-09-05 00:00:00,0.048,0.0449,0.048,0.0449,1319.93569096
2018-09-05 06:00:00,0.046492,0.040661,0.047,0.040661,5559.64076444
2018-09-05 12:00:00,0.040661,0.040662,0.040662,0.040661,3108.048845
2018-09-05 18:00:00,0.040662,0.038217,0.044,0.038217,10775.29642073
2018-09-06 00:00:00,0.038217,0.038191,0.038217,0.038191,10953.0
2018-09-06 06:00:00,0.037401,0.036902,0.0375,0.0368525,11098.42037506
2018-09-07 06:00:00,0.03631,0.043999,0.044,0.036304,9539.61671444
2018-09-07 12:00:00,0.043899,0.043999,0.043999,0.03632,25176.32990312
2018-09-07 18:00:00,0.0439,0.0439,0.0439,0.0439,250.0
2018-09-08 00:00:00,0.043,0.043,0.043,0.043,1001.0
2018-09-08 06:00:00,0.043,0.044000000000000004,0.0445,0.043,11040.24339026
2018-09-08 12:00:00,0.044000000000000004,0.044499000000000004,0.0445,0.044000000000000004,4681.41657441
2018-09-08 18:00:00,0.038001,0.027936000000000002,0.044499000000000004,0.027936000000000002,126144.42308001
2018-09-09 00:00:00,0.041998,0.041487,0.041998,0.041487,750.0
2018-09-09 06:00:00,0.034,0.034,0.034,0.034,999.0
2018-09-09 12:00:00,0.040478,0.040368,0.040478,0.034,17330.47472609
2018-09-09 18:00:00,0.03027,0.0301,0.03027,0.0301,12859.39063635
2018-09-10 00:00:00,0.031005,0.031,0.031005,0.031,4209.192
2018-09-10 06:00:00,0.039,0.0389,0.039,0.0387,2839.97254306
2018-09-10 12:00:00,0.0389,0.038919,0.040799,0.03155,30606.06080655
2018-09-10 18:00:00,0.038,0.0360535,0.03845,0.033207,13257.665809115
2018-09-11 00:00:00,0.037627,0.037062,0.037627,0.037062,8454.70243727
2018-09-11 06:00:00,0.036001,0.036001,0.036001,0.036001,234.0
2018-09-11 12:00:00,0.035,0.035,0.035,0.035,7245.44054942
2018-09-11 18:00:00,0.034101,0.034101,0.034101,0.034101,2539.94030206
2018-09-12 06:00:00,0.034102,0.0345,0.035,0.034102,3450.03357309
2018-09-12 12:00:00,0.034101,0.033207,0.034101,0.033207,2582.5591567
2018-09-13 00:00:00,0.033,0.036476999999999996,0.036476999999999996,0.033,2026.39164152
2018-09-13 06:00:00,0.037394,0.038196499999999994,0.038196499999999994,0.035847000000000004,3595.044544
2018-09-13 18:00:00,0.0387,0.0387,0.0387,0.0387,300.0
2018-09-14 00:00:00,0.037999,0.0387,0.0387,0.037999,3935.50911325
2018-09-14 06:00:00,0.034107,0.037000000000000005,0.037000000000000005,0.034,1200.0
2018-09-14 12:00:00,0.03687,0.039694,0.039694,0.03687,2684.30327068
2018-09-14 18:00:00,0.039694,0.04004,0.04004,0.039694,4170.6829735
2018-09-15 00:00:00,0.04,0.04,0.04,0.04,445.147819
2018-09-15 12:00:00,0.03999,0.040999999999999995,0.040999999999999995,0.03999,2500.0
2018-09-15 18:00:00,0.040999999999999995,0.043,0.043,0.040999999999999995,14445.55378394
2018-09-16 06:00:00,0.036043,0.036043,0.036043,0.036043,335.16124205
2018-09-16 12:00:00,0.0365,0.039,0.039,0.036000000000000004,15252.80288319
2018-09-16 18:00:00,0.042937,0.042937,0.042937,0.042937,800.0
2018-09-17 00:00:00,0.039999,0.039999,0.04,0.039999,7400.35202772
2018-09-17 06:00:00,0.039999,0.042598000000000004,0.042598000000000004,0.039999,6308.91640206
2018-09-17 12:00:00,0.039991000000000006,0.03999,0.042,0.03999,7568.45096941
2018-09-17 18:00:00,0.041991,0.03999,0.041992,0.03999,18118.2
2018-09-18 00:00:00,0.041992,0.043,0.043,0.041992,15493.34516823
2018-09-18 06:00:00,0.043989999999999994,0.042,0.043989999999999994,0.042,685.41325672
2018-09-18 12:00:00,0.0429,0.0429,0.0429,0.0429,705.0
2018-09-18 18:00:00,0.039991000000000006,0.03999,0.0429,0.03999,5064.059
2018-09-19 00:00:00,0.04,0.03999,0.04,0.03999,4748.92108807
2018-09-19 06:00:00,0.03999,0.03999,0.03999,0.03999,400.0
2018-09-19 18:00:00,0.04,0.04,0.04,0.04,2502.32391095
2018-09-20 06:00:00,0.042678,0.04679,0.04679,0.042678,46680.96112095
2018-09-20 18:00:00,0.040101,0.040101,0.040101,0.040101,798.4
2018-09-21 00:00:00,0.040999999999999995,0.041010000000000005,0.041010000000000005,0.040999999999999995,1763.3270684000001
2018-09-21 06:00:00,0.046889,0.0468895,0.0468895,0.046889,2063.15673916
2018-09-21 12:00:00,0.047,0.049982,0.049982,0.046889,28777.01906982
2018-09-21 18:00:00,0.046889,0.046889,0.046889,0.046889,213.99942085
2018-09-22 00:00:00,0.044573,0.044573,0.044573,0.044573,1200.0
2018-09-22 12:00:00,0.048,0.048,0.048,0.047499,3965.85060916
2018-09-22 18:00:00,0.045,0.048,0.048,0.045,2287.67319166
2018-09-23 00:00:00,0.049999,0.049999,0.049999,0.049999,716.70199336
2018-09-23 06:00:00,0.045,0.045001,0.045001,0.045,1215.269
2018-09-23 12:00:00,0.045002,0.045002,0.045002,0.045002,499.0
2018-09-23 18:00:00,0.045154,0.045254,0.045254,0.045101,2275.3917
2018-09-24 00:00:00,0.05,0.045254,0.05,0.045254,626.0
2018-09-24 06:00:00,0.05,0.045001,0.0512,0.045001,41399.0
2018-09-24 12:00:00,0.051199,0.0512,0.0512,0.051199,10962.90359765
2018-09-24 18:00:00,0.0503,0.0512,0.0512,0.0503,9461.73545127
2018-09-25 00:00:00,0.0455,0.0455,0.0455,0.0455,945.30468053
2018-09-25 06:00:00,0.045507,0.0455,0.045507,0.0455,32556.21082997
2018-09-25 12:00:00,0.047,0.046,0.047,0.046,9980.0
2018-09-26 18:00:00,0.046556,0.046556,0.046556,0.046556,999.0
2018-09-27 06:00:00,0.0466,0.0466,0.0466,0.0466,3934.85169335
2018-09-27 12:00:00,0.0466,0.0466,0.0466,0.0466,499.0
2018-09-27 18:00:00,0.05,0.055199,0.055199,0.05,58741.79919814
2018-09-28 06:00:00,0.0552,0.05,0.0552,0.05,28890.11315039
2018-09-28 12:00:00,0.050001,0.054999,0.054999,0.050001,1088.11829361
2018-09-28 18:00:00,0.054903,0.056641,0.056641,0.054903,4836.54266867
2018-09-29 00:00:00,0.0561,0.059,0.059,0.055701,17738.34516118
2018-09-29 06:00:00,0.059,0.06819700000000001,0.06819700000000001,0.059,13934.99209144
2018-09-29 12:00:00,0.068213,0.057001,0.06949,0.055801,8935.24133017
2018-09-29 18:00:00,0.057001,0.057011,0.068928,0.057001,8210.92625991
2018-09-30 00:00:00,0.0667,0.068077,0.068077,0.0667,2426.12970032
2018-09-30 06:00:00,0.057129999999999986,0.068488,0.068488,0.057,15721.06742426
2018-09-30 12:00:00,0.068489,0.0627595,0.068489,0.057000999999999996,1775.3239999999994
2018-09-30 18:00:00,0.068478,0.068478,0.068478,0.068478,300.0
2018-10-01 06:00:00,0.064999,0.064999,0.064999,0.064999,298.02311334
2018-10-01 12:00:00,0.064999,0.067,0.07175,0.0575,11450.22475307
2018-10-01 18:00:00,0.067,0.0665,0.067,0.055,21635.11316635
2018-10-02 00:00:00,0.0665,0.062001,0.07175,0.062001,9943.437707100002
2018-10-02 06:00:00,0.062,0.061774,0.0669995,0.061545,4859.9713433299985
2018-10-02 12:00:00,0.068996,0.073,0.073,0.068996,13427.2221604
2018-10-02 18:00:00,0.073,0.072995,0.073,0.072995,5711.13964496
2018-10-03 00:00:00,0.065001,0.072999,0.072999,0.063001,5300.0
2018-10-03 06:00:00,0.064611,0.070497,0.070499,0.063003,1478.71154275
2018-10-03 12:00:00,0.064001,0.06954400000000001,0.06954400000000001,0.06,10179.58150563
2018-10-03 18:00:00,0.060502999999999994,0.06892100000000001,0.06892100000000001,0.057909,7334.7260067
2018-10-04 06:00:00,0.06033400000000001,0.06033400000000001,0.06033400000000001,0.06033400000000001,1875.64004427
2018-10-04 12:00:00,0.06033400000000001,0.068847,0.068847,0.06033400000000001,647.96823336
2018-10-05 00:00:00,0.068844,0.068844,0.068844,0.068844,817.28918455
2018-10-05 12:00:00,0.068842,0.068999,0.068999,0.068842,1000.0
2018-10-06 06:00:00,0.065997,0.065997,0.065997,0.065997,1316.53
2018-10-06 18:00:00,0.065947,0.0694,0.0694,0.065947,12526.84512272
2018-10-07 00:00:00,0.060052999999999995,0.057912,0.060052999999999995,0.057912,11720.268
2018-10-07 06:00:00,0.05791,0.058501,0.058501,0.05791,3834.65017056
2018-10-08 00:00:00,0.061,0.061,0.061,0.061,1249.55192824
2018-10-08 12:00:00,0.0681,0.07509,0.07509,0.0675,49238.24844883
2018-10-08 18:00:00,0.07509,0.070103,0.08,0.0668,6628.51521993
2018-10-09 00:00:00,0.076947,0.073,0.0798,0.070103,2506.2954803
2018-10-09 06:00:00,0.073,0.067922,0.091532,0.067922,100786.08892742
2018-10-09 12:00:00,0.086837,0.068348,0.086837,0.068348,599.7
2018-10-10 00:00:00,0.070588,0.070296,0.078197,0.070296,2670.42739465
2018-10-10 06:00:00,0.07095,0.069,0.073,0.069,23480.88768618
2018-10-10 12:00:00,0.070153,0.0798,0.0798,0.070153,648.92650698
2018-10-10 18:00:00,0.074001,0.074001,0.074001,0.074001,1806.76736195
2018-10-11 00:00:00,0.07899500000000001,0.068001,0.079,0.064053,56966.11578137
2018-10-11 06:00:00,0.068001,0.070912,0.071,0.068,19920.06374933
2018-10-11 12:00:00,0.069221,0.070522,0.070522,0.069221,675.0
2018-10-11 18:00:00,0.069176,0.061511,0.069385,0.061511,919.342
2018-10-12 00:00:00,0.062788,0.0605,0.062788,0.0605,6477.75448325
2018-10-12 12:00:00,0.0677,0.067993,0.067993,0.0677,380.36670158
2018-10-13 00:00:00,0.067118,0.0655,0.067993,0.0655,1599.68329842
2018-10-13 06:00:00,0.069298,0.069298,0.069298,0.069298,500.0
2018-10-13 12:00:00,0.069298,0.061,0.069298,0.061,2657.144
2018-10-14 00:00:00,0.062,0.059,0.062,0.059,44338.72025646
2018-10-14 06:00:00,0.058998,0.0629,0.0629,0.052969,50795.36234261
2018-10-14 12:00:00,0.0626,0.05512,0.0626,0.053857,3214.44847466
2018-10-14 18:00:00,0.06203300000000001,0.060752,0.0648,0.060752,2516.981
2018-10-15 00:00:00,0.067386,0.069969,0.069969,0.067386,963.95444608
2018-10-15 06:00:00,0.06996000000000001,0.05958,0.0749,0.059480999999999985,32540.62834819
2018-10-15 12:00:00,0.052477,0.071476,0.071578,0.052477,5915.67071486
2018-10-15 18:00:00,0.057,0.062,0.062,0.057,1787.38720236
2018-10-16 06:00:00,0.0623,0.066,0.066,0.0623,990.633368
2018-10-16 12:00:00,0.068,0.068,0.068,0.068,976.6505
2018-10-16 18:00:00,0.068,0.069,0.069,0.0623,5601.40243393
2018-10-17 00:00:00,0.069,0.066,0.069,0.066,1402.5
2018-10-17 06:00:00,0.066,0.07,0.07,0.066,6929.125
2018-10-17 12:00:00,0.07,0.069,0.07,0.069,9648.37074539
2018-10-17 18:00:00,0.069,0.069,0.069,0.069,5884.0
2018-10-18 00:00:00,0.069,0.069,0.069,0.069,288.87978275
2018-10-18 06:00:00,0.068997,0.0645106875,0.068997,0.057171000000000013,17066.53089708375
2018-10-20 12:00:00,0.062,0.061148,0.0668475,0.0611,20793.914569885
2018-10-21 12:00:00,0.060297,0.060297,0.060297,0.060297,1998.0
2018-10-22 18:00:00,0.067676,0.067676,0.067676,0.067676,952.296
2018-10-23 00:00:00,0.065,0.065,0.065,0.065,380.0
2018-10-23 06:00:00,0.066863,0.0628095,0.067575,0.062453500000000016,3151.53224192
2018-10-23 18:00:00,0.059039,0.059039,0.059039,0.059039,408.0
2018-10-24 00:00:00,0.0591,0.0628,0.0628,0.05001,45964.72363654
2018-10-24 06:00:00,0.0628,0.064899,0.064899,0.062797,7144.95489878
2018-10-24 12:00:00,0.06442,0.053,0.06442,0.051226,64116.35398791
2018-10-24 18:00:00,0.052740999999999996,0.053,0.053,0.051993,33251.32545905
2018-10-25 00:00:00,0.0521,0.057,0.057,0.046,21938.00746576
2018-10-25 06:00:00,0.055947000000000004,0.0569,0.0569,0.055947000000000004,8905.89437161
2018-10-25 12:00:00,0.05167000000000002,0.054554999999999985,0.056655,0.0516,22247.46358768
2018-10-25 18:00:00,0.055,0.051703,0.057,0.051703,4607.48665198
2018-10-26 00:00:00,0.052280999999999994,0.052038,0.052280999999999994,0.051,5931.711746600001
2018-10-26 06:00:00,0.0501,0.054997000000000004,0.054997000000000004,0.0501,920.36449646
2018-10-26 12:00:00,0.0508,0.056912,0.056912,0.0508,3076.11888657
2018-10-27 00:00:00,0.051003,0.051003,0.051003,0.051003,1013.4334
2018-10-27 06:00:00,0.055497000000000005,0.056913,0.056913,0.055497000000000005,9125.80527616
2018-10-27 12:00:00,0.056913,0.056913,0.056913,0.056913,4633.82902625
2018-10-27 18:00:00,0.057,0.056913,0.057,0.056913,1364.79320265
2018-10-28 00:00:00,0.057,0.057,0.057,0.057,7238.04340477
2018-10-28 12:00:00,0.056913,0.057,0.057,0.0541,1229.67103747
2018-10-29 06:00:00,0.057,0.057,0.057,0.057,4930.946301079999
2018-10-29 12:00:00,0.054103,0.0541,0.054103,0.0541,2297.7
2018-10-29 18:00:00,0.0531,0.048075,0.0531,0.048075,39112.38217297
2018-10-30 00:00:00,0.048998,0.048998,0.048998,0.048998,779.22
2018-10-30 06:00:00,0.0565,0.0565,0.0565,0.0565,450.2272
2018-10-30 18:00:00,0.054997000000000004,0.054997000000000004,0.054997000000000004,0.054997000000000004,400.0
2018-10-31 06:00:00,0.051003,0.054897,0.054897,0.05039,3790.46631862
2018-10-31 12:00:00,0.054497000000000004,0.054497000000000004,0.054497000000000004,0.054497000000000004,1000.0
2018-10-31 18:00:00,0.052910000000000006,0.052757000000000005,0.05318200000000002,0.052757000000000005,7378.5
2018-11-01 06:00:00,0.052138,0.0501,0.052516,0.0501,17100.79418046
2018-11-01 12:00:00,0.052057000000000006,0.051195,0.053110000000000004,0.050173,136976.47523267
2018-11-01 18:00:00,0.051320000000000005,0.047051,0.051542,0.046464,198871.79874228
2018-11-02 00:00:00,0.047255,0.046213,0.048,0.046130000000000004,127332.69772886
2018-11-02 06:00:00,0.046133999999999994,0.046310000000000004,0.04637,0.046130000000000004,133302.9319342
2018-11-02 12:00:00,0.0464,0.047764999999999995,0.049250999999999996,0.046169999999999996,196912.40303823
2018-11-02 18:00:00,0.047,0.05173,0.052000000000000005,0.046810000000000004,30349.08967675
2018-11-03 00:00:00,0.05167000000000002,0.049224000000000004,0.05198,0.048995,10791.44244174
2018-11-03 06:00:00,0.05189,0.047958,0.05189,0.0473,17391.00845532
2018-11-03 12:00:00,0.047643,0.05177999999999999,0.0518,0.046898,14130.06661746
2018-11-03 18:00:00,0.05177999999999999,0.047353,0.05177999999999999,0.047353,15359.15486789
2018-11-04 06:00:00,0.048931,0.048241,0.049295,0.04732,24146.8291125
2018-11-04 12:00:00,0.049257,0.05165,0.05177999999999999,0.049114,15747.54717475
2018-11-04 18:00:00,0.05177999999999999,0.05177999999999999,0.05177999999999999,0.049141000000000004,26015.11500884
2018-11-05 00:00:00,0.04979,0.053,0.053,0.04979,45667.32755933
2018-11-05 06:00:00,0.050408999999999995,0.049997,0.050408999999999995,0.04665,17291.8715758
2018-11-05 12:00:00,0.048307,0.0507,0.0531,0.0472,26853.74541177
2018-11-05 18:00:00,0.053,0.0531,0.0531,0.053,864.0
2018-11-06 06:00:00,0.05295,0.051997,0.05295,0.050003,1342.486
2018-11-06 12:00:00,0.050036000000000004,0.052998,0.052998,0.0451,38575.23106247
2018-11-06 18:00:00,0.052998,0.052497,0.0531,0.052497,3753.7281075
2018-11-07 00:00:00,0.052447,0.0531,0.0531,0.052447,5600.0
2018-11-07 12:00:00,0.0531,0.051497,0.0531,0.0485,21116.29956847
2018-11-07 18:00:00,0.050579,0.051997,0.051997,0.050579,1288.08684625
2018-11-08 00:00:00,0.049706,0.049706,0.049706,0.049706,437.96349058
2018-11-08 12:00:00,0.050003,0.049706,0.050003,0.049706,4424.01127728
2018-11-08 18:00:00,0.049706,0.050997,0.050997,0.049706,1536.3769366
2018-11-09 06:00:00,0.050003,0.047830000000000004,0.050003,0.042326,140220.34253407
2018-11-09 12:00:00,0.04512,0.049298,0.0529,0.045,40442.67874576
2018-11-09 18:00:00,0.0529,0.0529,0.0529,0.0529,367.26199999999994
2018-11-10 06:00:00,0.048503,0.040621,0.048503,0.04,335839.59733156
2018-11-10 12:00:00,0.0422,0.043521,0.043521,0.042199,7469.70565153
2018-11-10 18:00:00,0.046997000000000004,0.04699,0.046999,0.043905,3742.75764066
2018-11-11 00:00:00,0.044003,0.046,0.046,0.0435,7281.14118802
2018-11-11 06:00:00,0.04256,0.044685,0.044685,0.041101,18010.83569431
2018-11-11 12:00:00,0.04445,0.0415,0.04464,0.0415,6060.83170321
2018-11-12 00:00:00,0.0445,0.042834,0.0445,0.0415,14827.93244812
2018-11-12 06:00:00,0.042,0.042,0.042,0.042,997.002
2018-11-12 12:00:00,0.044499,0.0415,0.0445,0.0415,2832.47055848
2018-11-12 18:00:00,0.044,0.0416,0.044,0.0416,671.2360000000001
2018-11-13 00:00:00,0.0416,0.0415,0.0416,0.0415,7346.75250658
2018-11-13 06:00:00,0.0415,0.0415,0.0415,0.0415,328.09452217
2018-11-13 18:00:00,0.0415,0.034593,0.042989,0.032441000000000005,267515.7920338
2018-11-14 00:00:00,0.035586,0.037332,0.03899,0.035586,6217.86481003
2018-11-14 06:00:00,0.036894,0.0373695,0.038745,0.03575,22703.976819995
2018-11-14 12:00:00,0.03803,0.034997,0.03803,0.032,27728.41190668
2018-11-14 18:00:00,0.0359,0.031503,0.0359,0.031503,11339.39396935
2018-11-15 00:00:00,0.032,0.032,0.032,0.032,7521.528099999998
2018-11-15 06:00:00,0.032436,0.029276999999999997,0.0325,0.029157,43902.91950665
2018-11-15 12:00:00,0.029267,0.029147000000000006,0.0325,0.0291,26770.12064489
2018-11-15 18:00:00,0.032499,0.029317000000000006,0.0335,0.029317000000000006,20805.970212599997
2018-11-16 00:00:00,0.0305,0.033,0.033,0.0305,7423.3233
2018-11-16 12:00:00,0.03055,0.030048000000000002,0.0325,0.030048000000000002,27391.30349932
2018-11-16 18:00:00,0.030001,0.032197,0.032197,0.030001,10300.0
2018-11-17 12:00:00,0.0327,0.0327,0.0327,0.0327,320.0
2018-11-18 00:00:00,0.032497000000000005,0.032497000000000005,0.032497000000000005,0.032497000000000005,2000.0
2018-11-18 12:00:00,0.032497000000000005,0.032497000000000005,0.032497000000000005,0.032497000000000005,901.5763134
2018-11-18 18:00:00,0.030503,0.030503,0.030503,0.030503,4690.6
2018-11-19 00:00:00,0.030652999999999996,0.030652999999999996,0.030652999999999996,0.030652999999999996,4444.0
2018-11-19 06:00:00,0.030504000000000007,0.030001,0.030504000000000007,0.030001,18222.27510535
2018-11-19 12:00:00,0.030001,0.028,0.030001,0.025705000000000002,33645.10647833
2018-11-19 18:00:00,0.025585,0.025585,0.025585,0.025585,999.0
2018-11-20 00:00:00,0.0295,0.0295,0.0295,0.0295,463.99675886
2018-11-20 06:00:00,0.0295,0.025195,0.0305,0.024101,124641.22366230002
2018-11-20 12:00:00,0.023968,0.030223000000000007,0.030223000000000007,0.022554,5347.76120333
2018-11-22 06:00:00,0.029968,0.029968,0.029968,0.029968,5000.0
2018-11-22 18:00:00,0.029739,0.02505,0.029739,0.02505,1551.4053547
2018-11-23 00:00:00,0.02505,0.02505,0.02505,0.02505,848.5946453
2018-11-23 06:00:00,0.026989,0.027000000000000003,0.027000000000000003,0.026989,4999.0
2018-11-23 18:00:00,0.022078,0.022078,0.022078,0.022078,4989.44879752
2018-11-24 00:00:00,0.02305,0.023,0.02305,0.023,4740.5
2018-11-24 06:00:00,0.023,0.02195,0.023,0.02195,21736.86003624
2018-11-24 18:00:00,0.021321,0.0213,0.021321,0.0213,49165.29276174
2018-11-25 00:00:00,0.0213,0.01804,0.0213,0.01804,33301.83250093
2018-11-25 06:00:00,0.020462,0.0173375,0.020462,0.0173375,51711.8071858
2018-11-25 18:00:00,0.017537999999999998,0.017537999999999998,0.021854,0.017501,35516.3408
2018-11-26 06:00:00,0.017779,0.0195,0.0195,0.017779,1664.56028753
2018-11-26 12:00:00,0.0197,0.0196,0.0197,0.0196,19007.91452789
2018-11-26 18:00:00,0.021854,0.01961,0.021854,0.01961,1143.128
2018-11-27 00:00:00,0.021854,0.022743,0.022743,0.021637,15937.69066576
2018-11-27 06:00:00,0.019711000000000003,0.01955275,0.019711000000000003,0.01955275,20957.3798031775
2018-11-27 12:00:00,0.020641,0.020645,0.020762,0.020641,9102.30234541
2018-11-28 00:00:00,0.020888,0.020675,0.020888,0.020675,1642.856
2018-11-28 06:00:00,0.020675,0.020675,0.020675,0.020675,1524.0
2018-11-28 12:00:00,0.022453,0.022453,0.022453,0.022453,550.0
2018-11-28 18:00:00,0.022442,0.022499,0.022499,0.02,8449.80422167
2018-11-29 00:00:00,0.021819,0.022180500000000002,0.022180500000000002,0.021819,19535.5358459
2018-11-29 06:00:00,0.02297,0.021046,0.02297,0.021046,945.06146918
2018-11-29 12:00:00,0.021012,0.021,0.021012,0.021,22112.96961327
2018-11-30 00:00:00,0.021,0.0186,0.021,0.0186,6432.12413073
2018-11-30 06:00:00,0.022895,0.02,0.022895,0.02,2240.91241718
2018-11-30 12:00:00,0.02,0.02,0.02,0.02,3375.60311994
2018-12-01 12:00:00,0.02121,0.0295,0.0295,0.02121,32211.87837151
2018-12-01 18:00:00,0.029158,0.029158,0.029158,0.029158,542.34837593
2018-12-02 12:00:00,0.029077,0.029077,0.029077,0.029077,3824.45569504
2018-12-02 18:00:00,0.025,0.025,0.025,0.025,19104.85336066
2018-12-04 12:00:00,0.026000000000000002,0.025,0.026000000000000002,0.025,2761.81727438
2018-12-04 18:00:00,0.025,0.025,0.025,0.025,928.4847104
2018-12-05 12:00:00,0.02097,0.02097,0.02097,0.02097,752.60688412
2018-12-06 12:00:00,0.0186,0.01772,0.0186,0.01772,11971.62
2018-12-06 18:00:00,0.019477,0.016,0.019477,0.016,153472.88488349
2018-12-07 00:00:00,0.016,0.016821,0.016821,0.0112,164642.32785204
2018-12-07 06:00:00,0.012,0.0118,0.012,0.0117,73581.52298987
2018-12-07 12:00:00,0.0121,0.014378,0.014378,0.0118,99379.31583017
2018-12-07 18:00:00,0.015524000000000001,0.01444,0.0165,0.01444,147913.61722179
2018-12-08 12:00:00,0.015201,0.01526,0.01526,0.0138505,1853.02994139
2018-12-08 18:00:00,0.0147,0.0147,0.0147,0.0147,719.11
2018-12-09 06:00:00,0.016788,0.016788,0.016788,0.016788,1000.0
2018-12-09 12:00:00,0.013559,0.013559,0.013559,0.013559,3791.61412151
2018-12-09 18:00:00,0.0125,0.017849,0.017849,0.012217,7105.05706303
2018-12-11 00:00:00,0.0126,0.012528,0.0126,0.012528,2553.65582437
2018-12-11 12:00:00,0.0165,0.013,0.0165,0.013,1485.74
2018-12-11 18:00:00,0.013,0.012501,0.013,0.012501,1383.91235281
2018-12-12 06:00:00,0.016437,0.016437,0.016437,0.016437,6641.429235600001
2018-12-12 12:00:00,0.013,0.012674,0.013,0.012674,22150.78409045
2018-12-12 18:00:00,0.016437,0.017490000000000002,0.017490000000000002,0.016437,27876.81648465
2018-12-13 18:00:00,0.013213,0.013213,0.013213,0.013213,774.65052
2018-12-14 00:00:00,0.013213,0.013213,0.013213,0.013213,5541.1093052
2018-12-14 06:00:00,0.013213,0.012825,0.013213,0.012825,27291.06786827
2018-12-14 12:00:00,0.0148,0.0125,0.0148,0.012199,57244.64124045
2018-12-14 18:00:00,0.0125,0.0125,0.0125,0.0125,999.2616968
2018-12-15 00:00:00,0.0124,0.0124,0.0124,0.0124,42658.58876091
2018-12-15 06:00:00,0.0124,0.0124,0.0124,0.0124,78791.80040821
2018-12-15 12:00:00,0.01445,0.0118,0.01445,0.0118,35258.979436405
2018-12-15 18:00:00,0.012,0.012,0.012,0.012,1550.0
2018-12-16 00:00:00,0.012,0.012,0.012,0.012,4850.0
2018-12-16 06:00:00,0.0124,0.012129,0.0124,0.012129,70870.21342042
2018-12-16 12:00:00,0.0122,0.0122,0.0122,0.0122,22429.72861133
2018-12-16 18:00:00,0.0122,0.0122,0.0122,0.0122,779.30685
2018-12-17 00:00:00,0.0122,0.012129,0.01221,0.012129,10826.1459654
2018-12-17 06:00:00,0.012129,0.01288,0.01288,0.01121,64781.02868791
2018-12-17 12:00:00,0.013257,0.01287425,0.01423725,0.01287425,148622.6883682825
2018-12-17 18:00:00,0.013,0.013155000000000002,0.013155000000000002,0.013,47855.31
2018-12-18 00:00:00,0.013155000000000002,0.012555,0.013155000000000002,0.012555,49404.91520282
2018-12-18 06:00:00,0.012565999999999999,0.012555,0.012565999999999999,0.012555,11905.225
2018-12-18 12:00:00,0.01288,0.012807,0.013,0.012806,38718.69311217
2018-12-18 18:00:00,0.013,0.013,0.013,0.012844,3607.66368195
2018-12-19 00:00:00,0.013341,0.012904,0.013341,0.012904,74474.30451544
2018-12-19 12:00:00,0.013251,0.0131,0.013251,0.013,17337.61503643
2018-12-19 18:00:00,0.0131,0.0131,0.014199000000000003,0.0131,6307.368
2018-12-20 12:00:00,0.014149,0.0142,0.0142,0.014149,25386.03033569
2018-12-20 18:00:00,0.014161000000000003,0.014161000000000003,0.014161000000000003,0.014161000000000003,781.69521855
2018-12-21 06:00:00,0.0142,0.01549,0.01549,0.0142,4661.04201272
2018-12-21 12:00:00,0.014200999999999997,0.013556,0.014200999999999997,0.013556,3456.94617532
2018-12-23 00:00:00,0.014888,0.014562,0.015,0.014562,3267.18720946
2018-12-23 18:00:00,0.015282,0.015282,0.015282,0.015282,900.0
2018-12-24 00:00:00,0.016852000000000002,0.017749,0.017749,0.016,25709.68850036
2018-12-24 06:00:00,0.01648,0.0185,0.0185,0.0152,3566.44323316
2018-12-24 12:00:00,0.0185,0.019,0.0194,0.016444,13972.51243407
2018-12-25 12:00:00,0.0158,0.015531,0.0158,0.015531,16438.50093709
2018-12-25 18:00:00,0.015531,0.015271000000000003,0.015531,0.015271000000000003,27730.90283566
2018-12-26 06:00:00,0.015280000000000004,0.014646,0.015280000000000004,0.014646,69842.42268121999
2018-12-26 12:00:00,0.0147,0.01699,0.01699,0.013668,110602.39376422
2018-12-26 18:00:00,0.01699,0.017,0.017,0.01699,60000.0
2018-12-27 00:00:00,0.01387,0.013812,0.01387,0.013668,38804.44146241
2018-12-27 06:00:00,0.013812,0.01385,0.015974000000000002,0.0137,82635.43844527
2018-12-27 12:00:00,0.01385,0.0138,0.01385,0.0138,4000.0
2018-12-27 18:00:00,0.0138,0.0138,0.01522,0.0138,20430.52274981
2018-12-28 06:00:00,0.0138,0.0137,0.0138,0.0137,100000.0
2018-12-28 12:00:00,0.01371,0.015722999999999997,0.015722999999999997,0.01371,20450.05346048
2018-12-28 18:00:00,0.014999,0.015024,0.015024,0.014999,19746.39628865
2018-12-29 00:00:00,0.014959,0.014959,0.014959,0.014959,62221.10520593
2018-12-29 12:00:00,0.013999999999999999,0.01381,0.013999999999999999,0.01381,10432.50621753
2018-12-29 18:00:00,0.014896000000000001,0.014896000000000001,0.014896000000000001,0.014896000000000001,732.0
2018-12-30 00:00:00,0.01399,0.01399,0.01399,0.01399,5704.83222312
2018-12-30 12:00:00,0.014896000000000001,0.01384,0.014896000000000001,0.01384,1491.536
2018-12-30 18:00:00,0.01384,0.01384,0.01384,0.01384,1061.29
2018-12-31 00:00:00,0.01384,0.0135,0.014449000000000004,0.0135,148984.09307849
2018-12-31 06:00:00,0.0143,0.0135,0.0143,0.0135,1502.456
2018-12-31 12:00:00,0.0135,0.013281999999999999,0.0135,0.013281999999999999,72568.4222
2018-12-31 18:00:00,0.013281999999999999,0.013113,0.013281999999999999,0.013113,80582.18656667
2019-01-01 00:00:00,0.012966,0.012738,0.012966,0.012101,313263.24747449
2019-01-02 12:00:00,0.013999999999999999,0.015,0.015,0.013999999999999999,218914.60992420002
2019-01-02 18:00:00,0.015,0.015,0.015,0.015,202306.51632728
2019-01-03 00:00:00,0.014299000000000001,0.014299000000000001,0.014299000000000001,0.014299000000000001,1108.77
2019-01-04 06:00:00,0.015,0.0151,0.0151,0.015,5432.20997152
2019-01-04 12:00:00,0.0151,0.0151,0.0151,0.0151,2650.0
2019-01-06 06:00:00,0.01411,0.014001,0.01411,0.014001,21595.38046616
2019-01-06 12:00:00,0.014980000000000004,0.014980000000000004,0.014980000000000004,0.014980000000000004,1999.85715306
2019-01-06 18:00:00,0.015033000000000001,0.015033000000000001,0.015033000000000001,0.015033000000000001,10000.0
2019-01-07 18:00:00,0.01475,0.0141,0.01475,0.0141,1626.0
2019-01-08 00:00:00,0.01475,0.01505,0.01505,0.0141,10133.0
2019-01-08 12:00:00,0.015030000000000003,0.0151,0.0151,0.015030000000000003,19609.33730728
2019-01-08 18:00:00,0.0151,0.0151,0.0151,0.0151,235.5887212
2019-01-09 06:00:00,0.015084,0.015084,0.015084,0.015084,2610.90829457
2019-01-09 12:00:00,0.015084,0.015084,0.015084,0.015084,3728.08907612
2019-01-09 18:00:00,0.015084,0.015084,0.015084,0.015084,2157.84
2019-01-10 06:00:00,0.015084,0.015083000000000001,0.015084,0.015083000000000001,72912.47071038
2019-01-10 12:00:00,0.014222,0.0142,0.0169,0.01376,19224.73610815
2019-01-10 18:00:00,0.0142,0.0142,0.0142,0.0142,2497.5
2019-01-11 18:00:00,0.0142,0.014105000000000001,0.0142,0.014105000000000001,39620.63800792
2019-01-12 00:00:00,0.014105000000000001,0.01385,0.014105000000000001,0.01385,28393.10243361
2019-01-12 06:00:00,0.01372,0.013555000000000001,0.01372,0.013526,42904.752043199995
2019-01-12 18:00:00,0.014882,0.0148,0.014882,0.0148,5601.0
2019-01-13 12:00:00,0.014776,0.014776,0.014776,0.014776,732.0
2019-01-13 18:00:00,0.01355,0.013526,0.01355,0.013526,26772.39102096
2019-01-14 00:00:00,0.013999999999999999,0.013999999999999999,0.013999999999999999,0.013999999999999999,732.0
2019-01-14 12:00:00,0.013999999999999999,0.013526,0.013999999999999999,0.013526,1217.0
2019-01-15 06:00:00,0.013619999999999998,0.013619999999999998,0.013619999999999998,0.013619999999999998,1000.08020237
2019-01-15 18:00:00,0.013619999999999998,0.013619999999999998,0.013619999999999998,0.013619999999999998,760.25491536
2019-01-16 00:00:00,0.013680000000000001,0.013680000000000001,0.013680000000000001,0.013680000000000001,993.99999999
2019-01-16 06:00:00,0.013680000000000001,0.014666,0.014666,0.013680000000000001,4416.88
2019-01-17 12:00:00,0.013680000000000001,0.013680000000000001,0.013680000000000001,0.013680000000000001,28824.12303102
2019-01-17 18:00:00,0.013680000000000001,0.013680000000000001,0.013680000000000001,0.013680000000000001,10066.0
2019-01-18 06:00:00,0.013613,0.013797,0.013797,0.013526,68877.56851451
2019-01-18 12:00:00,0.013797,0.013766999999999998,0.014655000000000001,0.013766999999999998,23729.22397503
2019-01-19 06:00:00,0.013766999999999998,0.013766999999999998,0.013766999999999998,0.013766999999999998,1188.15226633
2019-01-19 12:00:00,0.013933000000000001,0.014655000000000001,0.014655000000000001,0.013921000000000001,32300.64988131
2019-01-19 18:00:00,0.01403,0.01403,0.01403,0.01403,9522.40276443
2019-01-20 00:00:00,0.01395,0.01395,0.01395,0.01395,10668.1411249
2019-01-20 06:00:00,0.01395,0.013921000000000001,0.01395,0.013921000000000001,14187.62183308
2019-01-20 12:00:00,0.013543000000000001,0.013425,0.013543000000000001,0.013425,86297.95038071
2019-01-20 18:00:00,0.013425,0.013099000000000001,0.013425,0.013099000000000001,29793.90016045
2019-01-21 06:00:00,0.013099000000000001,0.013099000000000001,0.013099000000000001,0.013099000000000001,30063.0
2019-01-21 18:00:00,0.013099000000000001,0.012662,0.013099000000000001,0.012662,137356.52559659
2019-01-24 12:00:00,0.0126,0.012499,0.012745000000000001,0.012499,113753.99386378
2019-01-25 18:00:00,0.012286,0.012888,0.012888,0.012229,57683.07604428
2019-01-26 12:00:00,0.012240000000000001,0.012229,0.012240000000000001,0.012229,9980.0
2019-01-26 18:00:00,0.012546,0.012229,0.012546,0.012229,1772.06774406
2019-01-27 06:00:00,0.012789,0.013980000000000001,0.013980000000000001,0.012789,7795.11631618
2019-01-27 12:00:00,0.01231,0.01231,0.01231,0.01231,2000.0
2019-01-27 18:00:00,0.01231,0.011887,0.01231,0.011887,135505.05460776002
2019-01-28 00:00:00,0.011890000000000001,0.011890000000000001,0.011890000000000001,0.011890000000000001,19786.26241715
2019-01-28 06:00:00,0.011912,0.011887,0.011912,0.011887,99226.23173226
2019-01-28 12:00:00,0.012789,0.011887,0.0128,0.011887,82685.44500751
2019-01-29 00:00:00,0.011892,0.011887,0.011892,0.011887,65180.56446059
2019-01-29 06:00:00,0.011887,0.011881000000000001,0.0119,0.011881000000000001,115570.33814796
2019-01-29 12:00:00,0.0125,0.011888,0.0125,0.011888,2440.19389831
2019-01-29 18:00:00,0.011888,0.011888,0.011912,0.011888,174825.25300873
2019-01-30 00:00:00,0.011888,0.011888,0.011888,0.011888,9150.65370054
2019-01-30 06:00:00,0.011888,0.011888,0.011888,0.011888,2494.98305493
2019-01-30 12:00:00,0.011888,0.011728,0.011888,0.011728,110185.44615471
2019-01-30 18:00:00,0.011728,0.011685,0.011737,0.011685,29189.51004533
2019-01-31 00:00:00,0.011685,0.012448,0.012448,0.011685,22705.57931864
2019-01-31 06:00:00,0.011685,0.011593000000000001,0.011685,0.011593000000000001,48744.28986580001
2019-01-31 12:00:00,0.012199,0.012199,0.012199,0.012199,5000.0
2019-01-31 18:00:00,0.011593,0.011395,0.011593,0.011394,54695.39655287
2019-02-01 00:00:00,0.011394,0.0113,0.011394,0.0113,24330.9682055
2019-02-01 06:00:00,0.0113,0.011,0.0113,0.011,64789.53140624
2019-02-01 12:00:00,0.01188,0.012199,0.012199,0.011869,2198.88998279
2019-02-02 18:00:00,0.011011,0.01068,0.011011,0.01068,87075.32678314
2019-02-03 00:00:00,0.01068,0.011011,0.01104,0.01068,20389.59775271
2019-02-03 06:00:00,0.011703,0.01068,0.011703,0.01068,3004.55717731
